p,lower,upper,pval,corr,protected_corr,protected_conf
1.0,-0.0292,0.0262,0.916,1.0,-0.00981426008038,0.326431534936
1.0,-0.0197,0.0357,0.571,1.0,-0.00116049519356,0.907624762413
1.0,-0.0491,0.0063,0.131,1.0,-0.00408489979968,0.682950217063
1.0,-0.0203,0.0351,0.601,1.0,0.00403846932428,0.686361197395
1.0,-0.0435,0.0119,0.263,1.0,0.00161046969725,0.872072180808
1.0,-0.0198,0.0357,0.574,1.0,-0.00809827056278,0.418090141531
1.0,-0.0214,0.0341,0.652,1.0,-0.00278073394624,0.780982289705
1.0,-0.0393,0.0161,0.413,1.0,-0.00823167594911,0.410463276699
1.0,-0.0253,0.0302,0.862,1.0,-0.00586904578603,0.557313678306
1.0,-0.0201,0.0353,0.591,1.0,0.0069887885191,0.484677015967
1.0,-0.0203,0.0352,0.598,1.0,0.00520301528013,0.602896303871
1.0,-0.0452,0.0102,0.216,1.0,0.00208080929477,0.835185911334
1.0,0.0016,0.0570,0.0382,1.0,0.00762743736672,0.445666501261
1.0,-0.0219,0.0336,0.679,1.0,0.00562228716903,0.574005051836
1.0,-0.0358,0.0197,0.57,1.0,0.00338181795071,0.735257321587
1.0,-0.0164,0.0390,0.424,1.0,0.00401121264606,0.68836657397
1.0,-0.0237,0.0317,0.776,1.0,-0.00362457188086,0.717043374977
1.0,-0.0332,0.0222,0.696,1.0,0.00158419843471,0.874141504067
1.0,-0.0317,0.0237,0.777,1.0,0.0015830289378,0.874233642607
1.0,-0.0252,0.0303,0.856,1.0,0.00803493717427,0.4217399682
1.0,-0.0150,0.0405,0.367,1.0,0.00263370750865,0.792289854097
1.0,-0.0190,0.0364,0.539,1.0,0.00123849551554,0.901446618282
1.0,-0.0373,0.0181,0.496,1.0,0.00194937830282,0.845460550471
1.0,-0.0237,0.0318,0.774,1.0,0.00296962237606,0.766523181458
1.0,-0.0245,0.0309,0.82,1.0,0.000409249314603,0.967359818784
1.0,-0.0210,0.0344,0.637,1.0,0.00297105346956,0.766413936186
1.0,-0.0263,0.0291,0.922,1.0,0.00419119833952,0.675165500072
1.0,-0.0233,0.0321,0.756,1.0,0.00962266226084,0.33596511523
1.0,-0.0288,0.0267,0.94,1.0,-0.00721084440091,0.470907255542
1.0,-0.0088,0.0466,0.182,1.0,0.00741073089301,0.458699125468
1.0,-0.0317,0.0237,0.776,1.0,0.00319892575807,0.749079460953
1.0,-0.0285,0.0270,0.958,1.0,-0.0011557757086,0.907998760158
1.0,-0.0302,0.0253,0.863,1.0,-0.00623576257195,0.532953133415
1.0,-0.0312,0.0242,0.806,1.0,-0.00958308111194,0.337956716374
1.0,-0.0393,0.0161,0.412,1.0,0.000817186836736,0.934878533345
1.0,-0.0265,0.0289,0.932,1.0,0.00549797992857,0.582502231931
1.0,-0.0281,0.0273,0.977,1.0,0.00158408123357,0.874150737659
1.0,-0.0222,0.0333,0.696,1.0,-0.00179363763088,0.857669574091
1.0,-0.0185,0.0370,0.513,1.0,0.00990301511014,0.322075397973
1.0,-0.0332,0.0222,0.696,1.0,-0.00385822398954,0.699662864513
1.0,-0.0257,0.0298,0.885,1.0,0.00280630410202,0.779020375009
1.0,-0.0252,0.0302,0.861,1.0,0.00358148495321,0.72026483277
0.95,-0.0321,0.0234,0.758,0.90363319475,-0.00777417857319,0.436962672464
1.0,-0.0233,0.0321,0.755,1.0,0.00287066575147,0.774088368664
0.95,-0.0229,0.0325,0.734,0.907026256523,-0.00235698498124,0.813689246322
1.0,-0.0138,0.0416,0.326,1.0,0.00609090006037,0.542511504427
1.0,-0.0225,0.0329,0.713,1.0,-0.000180243738259,0.985621206423
0.95,-0.0274,0.0281,0.979,0.893626731409,0.00240533972383,0.809939367537
1.0,-0.0378,0.0176,0.475,1.0,0.00502051938833,0.615672907795
0.95,0.0019,0.0573,0.0365,0.899398614738,0.00330943552507,0.740717689189
1.0,-0.0357,0.0198,0.574,1.0,0.00799060483365,0.424305865662
0.95,-0.0409,0.0145,0.351,0.899398893551,-0.00362296405279,0.717163496679
1.0,-0.0215,0.0340,0.659,1.0,0.00902575918285,0.366801160225
0.95,-0.0243,0.0311,0.808,0.898588864138,0.00556006476528,0.578251005249
1.0,-0.0282,0.0273,0.974,1.0,0.00375664495046,0.707200267956
0.95,-0.0201,0.0353,0.592,0.897198893689,-0.000592093322231,0.952791267782
1.0,-0.0320,0.0234,0.76,1.0,0.00281615294205,0.778265080245
0.95,-0.0346,0.0208,0.624,0.89680188029,-0.00780585175563,0.435096929768
0.95,-0.0176,0.0378,0.474,0.900172178025,-0.00300041342544,0.764173715183
0.95,-0.0083,0.0471,0.17,0.895801524541,-0.00696305916507,0.48628648569
0.95,-0.0482,0.0072,0.146,0.900200570826,-0.00499033137068,0.61779779869
0.95,-0.0137,0.0417,0.321,0.896986454559,-0.000917202640531,0.926929391449
0.95,-0.0405,0.0149,0.366,0.893979753843,-0.000141597727596,0.988703925558
0.9,-0.0257,0.0298,0.884,0.799201767074,0.00461947175517,0.644158847997
0.95,-0.0430,0.0125,0.281,0.901201986262,-0.00864236730079,0.387508334409
0.9,-0.0348,0.0286,0.826,0.787602157852,0.00537123504809,0.59122600793
0.95,-0.0402,0.0153,0.378,0.898806360316,-0.00913265519306,0.361152931126
0.9,-0.0233,0.0321,0.755,0.803598441374,-0.00243071249484,0.80797346345
0.95,-0.0280,0.0274,0.983,0.897639744768,0.00686249265174,0.492604931008
0.85,-0.0264,0.0290,0.925,0.69976503544,-0.0095593833627,0.339152735212
0.95,-0.0290,0.0264,0.926,0.894599006043,-0.00944244626179,0.345094210297
0.9,-0.0107,0.0447,0.229,0.810576575405,0.00307722072302,0.75832254206
0.8,-0.0038,0.0516,0.0908,0.600708772386,0.00976607376836,0.328812498799
0.95,-0.0109,0.0524,0.283,0.90539910994,-0.00460843880306,0.644950196731
0.85,-0.0473,0.0082,0.166,0.701792669085,-0.00839118231532,0.401453538122
0.9,-0.0201,0.0353,0.592,0.791381887772,0.00745043773886,0.456295311211
0.95,-0.0396,0.0158,0.399,0.898653161976,-0.00101041149849,0.919527800652
0.8,-0.0372,0.0183,0.504,0.584019713604,-0.00658520818763,0.510251818124
0.85,-0.0329,0.0225,0.712,0.70325788753,-0.00625625828592,0.531607687877
0.9,-0.0279,0.0275,0.989,0.80479615826,0.00218004469094,0.827446661044
0.95,-0.0367,0.0267,0.725,0.906595724624,-0.00764643479469,0.444534149972
0.8,-0.0322,0.0233,0.754,0.605054983432,-0.00614116466242,0.539185269443
0.85,-0.0339,0.0216,0.664,0.691146252979,-0.00741219896765,0.458610123468
0.9,-0.0329,0.0225,0.712,0.802013169588,-0.00439751957784,0.660155046256
0.8,-0.0536,0.0018,0.0667,0.60419016773,-0.00634780382297,0.525619250731
0.95,-0.0106,0.0449,0.225,0.903997200558,-0.00125949456418,0.899784357388
0.85,-0.0255,0.0299,0.877,0.691236049358,0.00636153223584,0.524724192259
0.9,-0.0285,0.0349,0.821,0.798433931105,-0.00655149802452,0.512419510023
0.95,-0.0414,0.0140,0.333,0.905186004601,-0.000694576107388,0.944632277293
0.8,-0.0425,0.0129,0.295,0.605384353759,0.000222325713789,0.982264652564
0.85,-0.0353,0.0202,0.593,0.698202051807,0.00377788468933,0.705621825237
0.9,-0.0493,0.0061,0.127,0.793189565871,-0.00849513845563,0.395645972908
0.95,-0.0317,0.0237,0.778,0.897798445664,-0.00508743294642,0.610974447593
0.8,-0.0295,0.0259,0.898,0.607253675308,-0.00953571174528,0.340350142344
0.9,-0.0224,0.0330,0.709,0.789595796555,0.00838584243334,0.401753228547
0.95,-0.0347,0.0207,0.622,0.89161309628,0.00464508856448,0.64232301424
0.85,-0.0249,0.0306,0.839,0.714975116905,-0.00215611043672,0.829311762629
0.8,-0.0376,0.0178,0.483,0.593204120594,-0.00379187283763,0.704582979226
0.95,-0.0536,0.0098,0.243,0.901201310489,-0.00681541046234,0.495578088796
0.9,-0.0298,0.0256,0.884,0.800416214827,0.000600020173017,0.952159997624
0.85,-0.0351,0.0203,0.602,0.70296352192,-0.00194897525718,0.845492100027
0.75,-0.0329,0.0225,0.714,0.496516230233,-0.00183855889377,0.854144418852
0.95,-0.0313,0.0241,0.799,0.905989720873,-0.00270227568617,0.787010791853
0.8,-0.0193,0.0361,0.551,0.605981352974,0.00616302938796,0.537741577509
0.9,-0.0431,0.0124,0.278,0.80560348285,0.00581497084572,0.560951149257
0.85,-0.0353,0.0201,0.592,0.698809336212,0.00346609940027,0.728916151206
0.95,-0.0381,0.0173,0.462,0.890190108561,-0.00983314995514,0.325501219508
0.75,-0.0182,0.0372,0.503,0.496594919281,-0.00189297677135,0.84987792847
0.8,-0.0336,0.0218,0.678,0.59724425597,-0.0011468775765,0.908703952116
0.9,-0.0398,0.0156,0.392,0.803538041641,-0.00381314101854,0.703004528866
0.95,-0.0201,0.0353,0.591,0.902228110859,-0.00914610413362,0.360446191402
0.85,-0.0074,0.0480,0.15,0.701995300006,0.0089970278378,0.368328621453
0.75,-0.0145,0.0409,0.352,0.509999535999,0.00636113289724,0.52475021712
0.8,-0.0285,0.0270,0.957,0.607571571458,-0.00311978012717,0.755086295631
0.95,-0.0385,0.0170,0.446,0.897207007566,0.00513852724918,0.607397504736
0.9,-0.0194,0.0360,0.556,0.794841475987,0.00167105584332,0.867303316621
0.85,-0.0368,0.0186,0.518,0.702163348136,-0.00794231406169,0.427111229251
0.95,-0.0258,0.0297,0.89,0.905988333448,-0.00999836991514,0.317437805597
0.8,-0.0281,0.0273,0.979,0.607694907012,-0.00804350903692,0.421244891777
0.75,-0.0302,0.0252,0.86,0.488969312689,-0.00688861115802,0.490959725349
0.95,-0.0177,0.0377,0.479,0.900814215543,0.0026091463524,0.794183149132
0.9,-0.0221,0.0333,0.693,0.807609083573,-0.00257272526056,0.796992896709
0.85,-0.0277,0.0278,0.997,0.703595431705,-0.00565863475053,0.57153160432
0.8,-0.0339,0.0215,0.66,0.598202304691,0.00245999212621,0.805706359024
0.95,-0.0226,0.0328,0.717,0.899603578657,-0.000198565150847,0.984159814208
0.75,-0.0481,0.0073,0.149,0.49694706334,-0.00565471168793,0.571798323973
0.9,-0.0217,0.0337,0.672,0.786977561292,0.00392248803713,0.694909499617
0.85,-0.0301,0.0253,0.865,0.693794261259,-0.00181683055909,0.855849171145
0.95,-0.0217,0.0337,0.671,0.90220278345,-0.00459762216058,0.645726421014
0.8,-0.0193,0.0361,0.552,0.611792541753,-0.00627388935062,0.530451671718
0.95,-0.0080,0.0474,0.163,0.911168909429,0.00477465250667,0.633071415691
0.9,-0.0279,0.0275,0.989,0.805019639853,-0.00834767348183,0.403899292232
0.85,-0.0393,0.0161,0.412,0.701800014036,-0.00839786220772,0.401078831192
0.95,-0.0218,0.0336,0.675,0.900405721873,-0.0058575523144,0.558085850363
0.8,-0.0420,0.0134,0.311,0.600798522823,-0.00680001360004,0.496552448083
0.75,-0.0129,0.0505,0.299,0.496684948424,-0.00622686341825,0.533537856025
0.95,-0.0189,0.0366,0.531,0.9008001129,-0.00233162728657,0.815657432837
0.85,-0.0411,0.0143,0.343,0.699767732354,-0.0096950301166,0.332343359567
0.8,-0.0273,0.0281,0.977,0.595620782314,0.00580681970877,0.561500448512
0.95,-0.0293,0.0262,0.913,0.898595466937,0.00964398009177,0.334895603651
0.9,-0.0261,0.0293,0.908,0.805603098305,-0.00198243504945,0.842873786848
0.75,-0.0301,0.0253,0.865,0.503228818121,0.00378932204889,0.7047723755
0.95,-0.0318,0.0237,0.775,0.894601279607,-0.00257343619989,0.796938025157
0.85,-0.0233,0.0321,0.756,0.704622393761,-0.00669113372831,0.503471737219
0.8,-0.0301,0.0253,0.866,0.598051813229,-0.00507823584714,0.611619296414
0.9,-0.0369,0.0186,0.517,0.799999704029,-0.00843328909351,0.399095081287
0.75,-0.0393,0.0161,0.413,0.504419770514,-0.0015962123228,0.873195091725
0.95,-0.0364,0.0190,0.539,0.900414503234,-0.00528221090499,0.597389161723
0.8,-0.0196,0.0358,0.566,0.603582581996,0.00803228740993,0.421893076967
0.95,-0.0399,0.0155,0.389,0.894215929298,-0.00103874298531,0.917279386143
0.85,-0.0252,0.0382,0.96,0.709390466004,0.00223663679225,0.823040549595
0.9,-0.0193,0.0361,0.553,0.805203036065,0.00320000640002,0.748997548881
0.75,-0.0241,0.0313,0.798,0.493589847481,0.0057237394717,0.567113951506
0.95,-0.0423,0.0131,0.302,0.900750307217,-0.000890741470881,0.929031818497
0.8,-0.0332,0.0222,0.696,0.59498425204,0.00167253455044,0.867186984061
0.85,-0.0288,0.0267,0.942,0.705010869091,0.00384621085099,0.700552743899
0.9,-0.0208,0.0346,0.626,0.796017498537,0.00599208523096,0.549080199198
0.95,-0.0381,0.0174,0.464,0.901220485578,0.00111032083157,0.911601884646
0.75,-0.0384,0.0170,0.449,0.498363065273,-0.00614543435511,0.538903196149
0.85,-0.0305,0.0249,0.843,0.696576354354,0.00544599745774,0.586072885517
0.95,-0.0384,0.0170,0.448,0.900998098225,-0.00416060878132,0.677402197011
0.9,-0.0307,0.0248,0.834,0.79879999808,-0.0081810993311,0.413344995525
0.8,-0.0337,0.0218,0.674,0.598096649564,-0.00922269417863,0.356437959394
0.75,-0.0258,0.0296,0.891,0.504996531352,-0.00390536466435,0.696174887559
0.95,-0.0213,0.0342,0.648,0.892804691225,0.00259695920845,0.795123045291
0.85,-0.0170,0.0385,0.447,0.698777505226,0.00489838083453,0.624289734575
0.8,-0.0239,0.0316,0.786,0.604075496115,0.00643657744216,0.519845261798
0.95,-0.0221,0.0333,0.693,0.90660243671,0.00261062020145,0.794069503259
0.75,-0.0249,0.0305,0.841,0.509429525828,0.00695094932631,0.487045001342
0.9,-0.0218,0.0337,0.674,0.807375917139,-0.00403494490357,0.686620378432
0.95,-0.0381,0.0173,0.462,0.901798647185,-0.00165481068363,0.868581541383
0.85,-0.0187,0.0368,0.523,0.693799914167,-0.00411215578791,0.680950881771
0.8,-0.0084,0.0470,0.172,0.592594502502,0.00522412456573,0.60142616424
0.9,-0.0479,0.0075,0.152,0.801724511167,-0.00667382444725,0.504576408713
0.95,-0.0604,0.0030,0.0846,0.902026113629,-0.00749256803671,0.453752545273
0.75,-0.0008,0.0546,0.0573,0.501398199851,0.00792821623975,0.427932249656
0.85,-0.0453,0.0101,0.214,0.692787050775,-0.00519547898403,0.60342155475
0.8,-0.0236,0.0318,0.773,0.591006939984,0.00700157111165,0.48387849019
0.9,-0.0305,0.0250,0.846,0.802846312607,-0.00563822842544,0.572919627686
0.75,-0.0428,0.0206,0.462,0.502184201519,-0.00275645451563,0.782846462551
0.85,-0.0311,0.0243,0.81,0.695401756767,0.00450888465787,0.652108911313
0.8,-0.0213,0.0341,0.65,0.604022148421,-0.000558984293515,0.955428285277
0.9,-0.0450,0.0105,0.222,0.795996909852,-0.00509839466502,0.610206267503
0.75,-0.0406,0.0149,0.363,0.500199132626,-0.00102752259519,0.918169769178
0.85,-0.0185,0.0369,0.516,0.701287609416,0.000986099426255,0.92145774418
0.8,-0.0165,0.0389,0.427,0.591434235568,0.00797344213069,0.425301665385
0.9,-0.0227,0.0327,0.723,0.805171617971,-0.00991054066642,0.321707792777
0.75,-0.0171,0.0383,0.455,0.524441238136,0.0042185884184,0.673165178241
0.85,-0.0246,0.0309,0.824,0.698691688339,0.00500005290084,0.617113163968
0.8,-0.0381,0.0253,0.651,0.595418860164,0.00460796101089,0.644984475911
0.9,-0.0325,0.0229,0.734,0.79959884425,-0.00818248760453,0.413265735919
0.75,-0.0354,0.0200,0.586,0.486723599685,-0.00464392728589,0.642406190349
0.85,-0.0300,0.0254,0.87,0.697799337027,-0.00559745432948,0.575697832488
0.8,-0.0230,0.0325,0.738,0.598565275575,0.00738713781497,0.460130782663
0.9,-0.0332,0.0223,0.7,0.803807870218,0.00768930257543,0.441985033958
0.75,-0.0340,0.0214,0.657,0.496568595812,-0.00410187139306,0.681705020759
0.85,-0.0389,0.0165,0.427,0.688802319845,-0.00175520024221,0.860688170785
0.8,-0.0398,0.0156,0.391,0.600092405344,-0.00643927637478,0.519670232344
0.9,-0.0190,0.0364,0.538,0.794216993446,0.00641868448131,0.521006413097
0.75,-0.0325,0.0229,0.733,0.50723492835,-0.00167317256889,0.867136790881
0.85,-0.0073,0.0481,0.148,0.700803164935,-0.00321753727218,0.747669114463
0.9,-0.0225,0.0330,0.711,0.80601965096,0.0053379331938,0.593528077941
0.8,-0.0425,0.0130,0.297,0.594448952239,-0.00742944017139,0.457565600477
0.75,-0.0261,0.0293,0.911,0.50525025697,0.00606864312438,0.54398760594
0.85,-0.0257,0.0297,0.887,0.703208231656,0.00120865131298,0.903809793407
0.9,-0.0504,0.0130,0.373,0.808568241135,-0.00693230461261,0.488214085613
0.75,-0.0149,0.0405,0.366,0.501227439607,-0.0094613400576,0.344129763457
0.8,-0.0341,0.0213,0.65,0.596852928043,0.00110504370866,0.912020311674
0.85,-0.0178,0.0376,0.483,0.69265112587,-0.00368355359335,0.712641678154
0.9,-0.0293,0.0261,0.909,0.790571955375,0.00414121742818,0.678821561152
0.8,-0.0248,0.0306,0.837,0.587274778545,0.00161695963391,0.871561118562
0.75,-0.0526,0.0029,0.0787,0.495420225065,-0.00579039006387,0.562608420285
0.85,-0.0185,0.0369,0.515,0.707195511482,0.00523045842611,0.600985363202
0.9,-0.0358,0.0196,0.566,0.803797033791,-0.00443441161258,0.657485180908
0.8,-0.0170,0.0385,0.447,0.590901850514,0.0032917430971,0.742054366897
0.85,-0.0304,0.0251,0.852,0.703578439021,-0.000168220538851,0.986580253472
0.9,-0.0513,0.0041,0.0951,0.799988983385,-0.00861064462696,0.389253033479
0.8,-0.0285,0.0269,0.955,0.594161958183,-0.00856248995351,0.391910583524
0.75,-0.0437,0.0117,0.259,0.497452081081,0.000234728192015,0.981275459967
0.85,-0.0141,0.0413,0.335,0.709878619904,-0.00961457883452,0.336371233323
0.9,-0.0257,0.0298,0.886,0.801397861958,-0.00566648821202,0.570997844087
0.8,-0.0024,0.0530,0.073,0.613004116313,0.00780888136867,0.434918708389
0.75,-0.0389,0.0165,0.428,0.501250482118,0.00280485138532,0.779131799645
0.85,-0.0183,0.0371,0.506,0.703674027494,0.00277282642922,0.781589290654
0.9,-0.0180,0.0374,0.492,0.796992007101,0.00579763189536,0.562119920293
0.8,-0.0303,0.0252,0.856,0.61742796858,-0.00365302060748,0.714919114988
0.75,-0.0041,0.0513,0.0954,0.51351906383,0.00601051568026,0.547852068381
0.9,-0.0253,0.0301,0.866,0.798404863254,-0.00201211638124,0.840552599452
0.85,-0.0217,0.0337,0.672,0.698418174136,0.00498777027908,0.61797821779
0.8,-0.0372,0.0182,0.502,0.607792442847,-0.00134671964544,0.892884503116
0.75,-0.0305,0.0249,0.843,0.48558340661,-0.00326635908638,0.743973508706
0.9,-0.0427,0.0127,0.29,0.809609923241,0.00448620788805,0.653744068983
0.85,-0.0313,0.0241,0.798,0.704391343309,0.00294561066924,0.768356851861
0.8,-0.0307,0.0327,0.942,0.613813967935,0.0042184776424,0.673173263668
0.75,-0.0437,0.0117,0.259,0.507800694524,-0.00599890399566,0.548625665971
0.9,-0.0297,0.0257,0.886,0.797815117603,-0.0027648049332,0.782205176862
0.85,-0.0299,0.0256,0.879,0.690015146796,0.00307705562148,0.758335104785
0.8,-0.0554,-0.0000,0.0498,0.597185562569,-0.00883393717365,0.377073922829
0.75,-0.0239,0.0316,0.785,0.498962091431,0.00472207248193,0.636819118352
0.9,-0.0205,0.0349,0.611,0.804467278606,-0.00641437364988,0.521286360989
0.85,-0.0273,0.0281,0.978,0.699002796066,-0.00199246080134,0.842089583104
0.8,-0.0376,0.0178,0.483,0.607823149446,0.00243464343622,0.807668998831
0.75,-0.0385,0.0169,0.446,0.500549066017,-0.0046369912688,0.642903073109
0.9,-0.0239,0.0395,0.58,0.804766355215,0.00355181738998,0.72248586611
0.85,-0.0445,0.0109,0.235,0.71059486957,-0.00334663354271,0.737909903186
0.8,-0.0189,0.0365,0.534,0.602623227533,0.00505294247119,0.613394277185
0.75,-0.0318,0.0236,0.771,0.512784720929,-0.00698110981496,0.485157045997
0.9,-0.0482,0.0072,0.147,0.802594104788,-0.00181382939827,0.856084687982
0.85,-0.0445,0.0110,0.236,0.716804511147,-0.00892291633974,0.372286894112
0.75,-0.0263,0.0292,0.919,0.511188021495,-0.00224330449346,0.822521784286
0.8,-0.0382,0.0173,0.46,0.595111887642,-0.00253780043749,0.79968968627
0.9,-0.0359,0.0195,0.562,0.788783535474,0.0014286186597,0.88641332314
0.85,-0.0433,0.0121,0.269,0.696021151059,-0.00400180848384,0.68905898309
0.8,-0.0316,0.0238,0.783,0.590668421465,-0.00534692284,0.592906243025
0.75,-0.0161,0.0393,0.413,0.494401646341,0.00879346085077,0.379264027636
0.9,-0.0194,0.0361,0.555,0.793988112107,0.00452158833049,0.651193615019
0.85,-0.0417,0.0137,0.322,0.696394172126,-0.0089890809933,0.368751802042
0.75,-0.0337,0.0217,0.67,0.494798422939,-0.00619087788147,0.535905601726
0.8,-0.0230,0.0325,0.737,0.590912363236,-0.000170733198113,0.986379826096
0.9,-0.0034,0.0520,0.0861,0.79819258936,0.00712508573397,0.476199443422
0.85,-0.0518,0.0116,0.155,0.70199429869,0.00269256704908,0.787757671236
0.75,-0.0129,0.0425,0.295,0.502477959416,0.00862538661949,0.388441652556
0.8,-0.0348,0.0206,0.614,0.603572989532,0.00134383560419,0.893112515758
0.9,-0.0101,0.0453,0.213,0.807750311953,0.00853319566616,0.393532641462
0.85,-0.0385,0.0169,0.445,0.69319982912,0.00119522189665,0.904873463883
0.8,-0.0288,0.0266,0.937,0.59699469091,0.00206183062631,0.836667879038
0.75,-0.0424,0.0210,0.706,0.497678617557,0.0088928209855,0.37390177568
0.85,-0.0380,0.0174,0.466,0.699538380895,-0.00356798220893,0.721275411299
0.9,-0.0126,0.0508,0.352,0.793439241872,0.00800036288013,0.423740300871
0.8,-0.0100,0.0455,0.209,0.605039070299,-0.00426332198339,0.669903216979
0.75,-0.0049,0.0505,0.106,0.498597079089,-0.000783014313519,0.937596055339
0.9,-0.0301,0.0253,0.865,0.793620942235,0.000196401025215,0.984332431228
0.85,-0.0245,0.0309,0.821,0.703999089599,-0.00182173412058,0.855464390571
0.8,-0.0373,0.0181,0.497,0.604648536665,0.003720541736,0.70988618454
0.75,-0.0342,0.0213,0.649,0.479180995442,-0.000995059443639,0.920746424698
0.7,-0.0365,0.0189,0.534,0.400443893939,0.00339541819793,0.734232831088
0.85,-0.0381,0.0173,0.462,0.711206833276,0.00200541227313,0.841076764519
0.75,-0.0493,0.0061,0.126,0.505802024034,-0.00402463141482,0.687379029741
0.8,-0.0175,0.0379,0.47,0.594735593353,0.00475260355984,0.634641841122
0.7,-0.0397,0.0157,0.396,0.406787960929,-0.000614729651265,0.950988659583
0.85,-0.0253,0.0302,0.863,0.699883286184,-0.000422679650168,0.96628929326
0.8,-0.0068,0.0486,0.14,0.604387850311,0.00803565442675,0.421698529499
0.75,-0.0366,0.0188,0.53,0.507397594003,0.0093092105897,0.351944170752
0.7,-0.0325,0.0229,0.735,0.390781289475,-0.00856674969702,0.391675054898
0.85,-0.0272,0.0282,0.973,0.692855952679,0.00230297517289,0.81788272157
0.8,-0.0222,0.0333,0.694,0.595370696727,0.00376054959469,0.706909997534
0.75,-0.0454,0.0100,0.21,0.496849834738,-0.00958767723845,0.337725065151
0.85,-0.0160,0.0395,0.406,0.716224479014,0.00906523833641,0.36470875785
0.7,-0.0366,0.0188,0.53,0.421260953565,-0.00404859387025,0.685616857449
0.8,-0.0318,0.0237,0.775,0.609246910011,-0.00177204993638,0.859364663482
0.75,-0.0166,0.0388,0.432,0.492258085392,0.00483280740877,0.628937300416
0.65,-0.0253,0.0301,0.865,0.301035553785,-0.00100936995239,0.919610471144
0.75,-0.0366,0.0188,0.53,0.494244294862,-0.00524549202569,0.599939693851
0.65,-0.0245,0.0309,0.821,0.30956407755,0.000610343010333,0.951337963477
0.7,-0.0245,0.0309,0.82,0.394608661819,0.00437003199726,0.662147132861
0.75,-0.0089,0.0465,0.183,0.502009783827,0.00280032112013,0.779479304068
0.65,-0.0281,0.0274,0.98,0.317432740752,-0.00239217875468,0.810959564017
0.7,-0.0350,0.0205,0.607,0.400071403923,0.00410160992793,0.681724197747
0.65,-0.0309,0.0246,0.824,0.292986694125,-0.00141764879609,0.887279668043
0.75,-0.0309,0.0245,0.822,0.497200636417,-0.00700008750164,0.483971134367
0.7,-0.0383,0.0172,0.455,0.405403783262,-0.00800849812238,0.423269129124
0.75,-0.0301,0.0254,0.868,0.490039853066,0.0034030656592,0.733656964465
0.65,-0.0226,0.0329,0.715,0.30129832516,-0.00158744146439,0.873886011666
0.7,-0.0392,0.0242,0.802,0.393800531412,0.00379763129713,0.704155480477
0.75,-0.0586,-0.0032,0.0289,0.501492427307,-0.00265285994564,0.790814338524
0.65,-0.0194,0.0360,0.556,0.302586837048,0.00498806235081,0.617957641291
0.7,-0.0321,0.0233,0.755,0.401415111767,-0.00785229138015,0.432369682825
0.75,-0.0333,0.0221,0.691,0.487207099871,-0.00445128720053,0.656265352168
0.65,-0.0242,0.0313,0.801,0.29761460641,-0.00311335958048,0.755574244794
0.7,-0.0224,0.0330,0.708,0.409996048769,0.00282022249625,0.777953052507
0.75,-0.0524,0.0030,0.0801,0.497799525732,-0.00458998933916,0.646274400139
0.65,-0.0211,0.0344,0.639,0.296744078512,-0.00980960693017,0.326660964818
0.7,-0.0389,0.0165,0.428,0.395253246516,-0.00957648997779,0.33828909684
0.65,-0.0255,0.0299,0.876,0.306895916936,0.00147234639175,0.882961284521
0.7,-0.0289,0.0266,0.934,0.408400522753,-0.00101444238418,0.919207865945
0.65,-0.0282,0.0273,0.974,0.298366952467,-0.00413658938499,0.679160482773
0.7,-0.0368,0.0186,0.518,0.402422416245,-0.000472995455809,0.96227920059
0.65,-0.0170,0.0385,0.447,0.309311923885,0.006468857124,0.517753874941
0.7,-0.0261,0.0293,0.909,0.389404657243,-0.00240289578972,0.810128789186
0.65,-0.0359,0.0195,0.563,0.291800292419,-0.00417099356763,0.676642545251
0.65,-0.0446,0.0108,0.232,0.294993815011,-0.00660201650505,0.509172773621
0.7,-0.0377,0.0178,0.482,0.398633033798,0.00607804558557,0.543363782054
0.65,-0.0304,0.0251,0.851,0.319927725319,0.00229295427463,0.818661349884
0.7,-0.0269,0.0285,0.955,0.405605087717,0.00015953126829,0.987273377224
0.65,-0.0496,0.0058,0.121,0.301189027216,-0.00739501516693,0.459652497396
0.7,-0.0419,0.0136,0.317,0.385675658458,0.00885488808178,0.375943373695
0.65,-0.0285,0.0269,0.956,0.296626793296,-0.0051552732315,0.606227210573
0.7,-0.0313,0.0242,0.802,0.394411847291,0.00266619138028,0.789787718514
0.65,-0.0207,0.0347,0.622,0.28944779825,0.00362057195308,0.717342224684
0.7,-0.0309,0.0245,0.822,0.396875440875,-0.00900651686441,0.367823713584
0.65,-0.0293,0.0261,0.91,0.301800054324,-0.00121062349594,0.903653602086
0.7,-0.0261,0.0293,0.91,0.385009172769,-0.00816572629051,0.414223277959
0.65,-0.0377,0.0177,0.48,0.315921059318,0.00876285666992,0.380925150829
0.7,-0.0424,0.0130,0.298,0.399030498486,0.00260253022931,0.794693360388
0.65,-0.0211,0.0343,0.641,0.316125334924,0.00449467536385,0.653133308287
0.7,-0.0541,0.0013,0.0619,0.397144840344,-0.00665919808725,0.505510852278
0.65,-0.0315,0.0239,0.789,0.2992064267,0.0053259489394,0.594357520858
0.7,-0.0190,0.0365,0.535,0.398572095515,0.00538644608886,0.590175875643
0.65,-0.0456,0.0098,0.205,0.303558657958,-0.00898115273598,0.369174294086
0.7,-0.0226,0.0328,0.718,0.400200297845,-0.00158909938704,0.873755402259
0.65,-0.0213,0.0341,0.652,0.308614077963,0.00559331803457,0.575980020254
0.7,-0.0206,0.0349,0.613,0.407359156399,0.00347450544836,0.728284704227
0.65,-0.0346,0.0208,0.626,0.287946253707,-0.00457077160902,0.647654937962
0.7,-0.0553,0.0001,0.0505,0.391662668519,-0.00899484839229,0.368444649887
0.65,-0.0285,0.0269,0.955,0.29300045682,-0.00460066364747,0.645508118687
0.65,-0.0278,0.0277,0.997,0.292861478211,0.000796039866668,0.936560129042
0.7,-0.0456,0.0178,0.648,0.40669997649,0.00203713677971,0.838596989162
0.7,-0.0221,0.0333,0.691,0.398820174917,-0.00260505943378,0.794498306994
0.65,-0.0089,0.0587,0.156,0.307469335717,0.00784523225094,0.432783603325
0.7,-0.0363,0.0191,0.544,0.415207418329,-0.00982459214207,0.325922473034
0.65,-0.0178,0.0376,0.485,0.30215251046,0.00296930149105,0.76654767747
0.65,-0.0101,0.0533,0.126,0.300406464053,-0.00937637571615,0.348480360973
0.7,-0.0337,0.0217,0.671,0.413282410853,-0.00802929793363,0.422065854094
0.65,-0.0361,0.0193,0.551,0.287296032659,-0.00188202568351,0.85073617068
0.7,-0.0221,0.0333,0.691,0.402335731886,-0.00224233476107,0.82259722729
0.65,-0.0238,0.0316,0.782,0.301893961202,-0.00452656638354,0.650835090813
0.7,-0.0233,0.0322,0.753,0.380434998259,0.00669579560957,0.50317443621
0.65,-0.0178,0.0376,0.483,0.312758589635,0.00534393228754,0.593113073414
0.7,-0.0046,0.0508,0.102,0.407968031898,-0.000606843448345,0.951616636862
0.65,-0.0135,0.0419,0.316,0.295899868203,0.00766539198914,0.443405834732
0.7,0.0039,0.0592,0.0256,0.413187903148,0.00780614635238,0.435079597837
0.7,-0.0191,0.0364,0.541,0.414076404171,0.00693877614981,0.487808127778
0.65,-0.0191,0.0364,0.541,0.294017859836,-0.000228085071253,0.981805296207
0.7,-0.0281,0.0273,0.979,0.390002992141,0.0067618601964,0.498971303198
0.65,-0.0312,0.0242,0.805,0.293397622651,-0.00681203940311,0.495791332157
0.65,-0.0314,0.0241,0.797,0.289066896744,-0.00346780709716,0.728787857235
0.7,-0.0378,0.0176,0.476,0.389465795021,0.00100000450003,0.920353872776
0.7,-0.0247,0.0307,0.833,0.418592049955,-0.00610138231283,0.541817003455
0.65,-0.0322,0.0233,0.753,0.292644251348,0.00169012095709,0.865803650806
0.7,-0.0049,0.0505,0.107,0.395322853052,0.00462342625594,0.643875305845
0.65,-0.0133,0.0421,0.308,0.295585065879,0.00236412520308,0.813135255782
0.7,-0.0395,0.0160,0.406,0.389484622817,-0.00281323913525,0.77848851453
0.65,-0.0266,0.0288,0.94,0.302856504648,-0.00214426886051,0.830234886218
0.7,-0.0141,0.0414,0.335,0.401008104644,0.00659881438543,0.509378248084
0.65,-0.0482,0.0072,0.147,0.305971544144,-0.00566977318195,0.570774651624
0.7,-0.0184,0.0370,0.512,0.401761837863,7.329510709e-05,0.994152679965
0.65,-0.0485,0.0069,0.14,0.305988227792,-0.00642125613064,0.520839445566
0.7,-0.0473,0.0081,0.165,0.403065074897,-0.00183646982269,0.854308292837
0.65,-0.0221,0.0334,0.689,0.306385229114,-0.00993924019191,0.320308405291
0.65,-0.0209,0.0345,0.631,0.29743035772,0.000196886005114,0.98429374772
0.7,-0.0191,0.0363,0.542,0.389544602605,0.00322428447718,0.747158031828
0.65,-0.0228,0.0327,0.727,0.298924396476,0.00741853502086,0.458226111413
0.7,-0.0408,0.0147,0.356,0.389044202481,-0.00623296324654,0.533137029315
0.65,-0.0274,0.0280,0.982,0.287673663738,-0.00441727113929,0.658725090943
0.7,-0.0157,0.0397,0.396,0.382191280409,0.00179553095275,0.857520939562
0.65,-0.0240,0.0315,0.791,0.284415985493,0.00868464219918,0.385190701643
0.7,-0.0115,0.0440,0.25,0.396592957414,0.00596034570531,0.551198371352
0.65,-0.0295,0.0259,0.9,0.305293244897,-0.00850291413603,0.395213630033
0.65,-0.0257,0.0298,0.884,0.30765169223,0.00848770186513,0.396059728906
0.65,-0.0173,0.0381,0.463,0.311570851449,0.0046624521494,0.641079889845
0.6,-0.0397,0.0157,0.396,0.201328692972,-0.00710680184822,0.477331946355
0.6,-0.0320,0.0234,0.76,0.18767098672,-0.00248915746711,0.803449726188
0.6,-0.0424,0.0210,0.898,0.204478448532,0.00998931739325,0.31787618619
0.55,-0.0262,0.0293,0.912,0.123803494916,-0.00359858360678,0.718985828596
0.6,-0.0181,0.0374,0.495,0.201153574588,-0.000349022519206,0.972161163163
0.55,-0.0221,0.0333,0.693,0.0997571933843,-0.00910245300234,0.362743215676
0.6,-0.0488,0.0066,0.136,0.202062249886,-0.00878816268298,0.379551280433
0.55,-0.0340,0.0214,0.655,0.10760014152,-0.00219952637864,0.825929247835
0.6,-0.0254,0.0300,0.869,0.215429303563,0.00651903549715,0.514511502626
0.5,-0.0297,0.0257,0.886,-0.0241460718147,-0.00479895796954,0.63134218525
0.55,-0.0421,0.0134,0.31,0.0998561349592,-0.00718271655778,0.472639446335
0.6,-0.0349,0.0205,0.612,0.207626608365,0.00840517422088,0.400668906435
0.5,-0.0492,0.0062,0.128,0.0222224859226,-0.00619445562636,0.535669959677
0.6,-0.0121,0.0433,0.269,0.18481656427,0.0016759027112,0.866922015495
0.5,-0.0258,0.0296,0.892,-0.0215829041758,-0.000784052576204,0.937513478088
0.55,-0.0089,0.0465,0.183,0.102032334429,0.00979833665717,0.327217094885
0.6,-0.0437,0.0117,0.259,0.189392665612,-0.00120770560359,0.903884692237
0.5,-0.0160,0.0394,0.409,0.0225984009002,0.00700658736235,0.483565321164
0.55,-0.0319,0.0235,0.767,0.0991377849414,-0.00782053782793,0.434233393342
0.6,-0.0427,0.0127,0.289,0.194011496357,-0.00928892094071,0.352994811808
0.55,-0.0152,0.0402,0.376,0.104746697272,-0.00855083797462,0.392555280483
0.6,-0.0205,0.0349,0.61,0.20717540278,0.00430629793195,0.666775271384
0.5,-0.0419,0.0135,0.315,-0.0213101805853,0.000342618226007,0.972671782645
0.55,-0.0145,0.0409,0.35,0.123131035406,0.0093678244543,0.348920155557
0.6,-0.0371,0.0184,0.508,0.195085583138,-0.00380188052826,0.703840084317
0.55,-0.0151,0.0403,0.374,0.100263714101,0.00571408500883,0.567768016696
0.6,-0.0305,0.0249,0.843,0.213439416781,-0.00556881463803,0.577653037073
0.5,-0.0126,0.0429,0.284,0.0224194421117,0.00134694173076,0.892866945392
0.55,-0.0069,0.0485,0.141,0.10373690363,0.00937803431559,0.348395099386
0.6,-0.0237,0.0317,0.776,0.198825028167,-0.00325645586783,0.744722667292
0.55,-0.0295,0.0260,0.902,0.109790849421,0.00998733103382,0.317972431371
0.6,-0.0568,-0.0014,0.0393,0.209170234687,-0.00580156235155,0.561854875956
0.5,-0.0194,0.0360,0.557,0.0212588313119,0.00174090337486,0.861811466048
0.55,-0.0325,0.0229,0.734,0.114167049298,0.00399387875999,0.689643034824
0.6,-0.0349,0.0205,0.61,0.189751462151,0.000404205781566,0.967761851657
0.55,-0.0413,0.0141,0.337,0.0952156701492,0.000183683177722,0.985346858563
0.5,-0.0314,0.0241,0.797,0.0211029782546,-0.000737047908208,0.941252610142
0.6,-0.0233,0.0321,0.756,0.198829025441,0.0029675295679,0.766682948347
0.55,-0.0286,0.0268,0.95,0.110632945592,-0.0028195912572,0.77800144959
0.5,-0.0536,0.0018,0.067,-0.0204952959514,0.0018323297906,0.854633069883
0.6,-0.0388,0.0246,0.614,0.195172741969,0.0039857112822,0.690244791291
0.55,-0.0549,0.0085,0.202,0.0865893820987,0.00512608637196,0.608267588469
0.5,-0.0029,0.0525,0.0796,-0.0331771379323,0.00704173927227,0.481373844759
0.6,-0.0320,0.0234,0.761,0.205796668709,0.00218276300053,0.827234895262
0.55,-0.0305,0.0249,0.844,0.0964784638615,0.00219021850749,0.826654149811
0.6,-0.0248,0.0306,0.838,0.203208923214,-0.00717857573201,0.472894745775
0.55,-0.0325,0.0230,0.737,0.114200002284,-0.00499763828194,0.617283181475
0.6,-0.0221,0.0333,0.693,0.206795497303,-0.00784499412321,0.432797570227
0.5,-0.0225,0.0329,0.712,-0.0230049329686,-0.00399300376346,0.689707492696
0.55,-0.0076,0.0479,0.154,0.0975531431812,0.00314566378969,0.753120179834
0.6,-0.0160,0.0394,0.408,0.20939725477,-0.00880399556814,0.378693260224
0.5,-0.0309,0.0245,0.821,-0.0288289693422,-0.00259720773968,0.795103875106
0.55,-0.0326,0.0228,0.729,0.106065119539,-0.00247520971295,0.804528713597
0.6,-0.0411,0.0143,0.342,0.196180292483,-0.00869442231926,0.384655736022
0.5,-0.0189,0.0365,0.532,0.0218487961378,-0.00664282634431,0.506557883863
0.6,-0.0320,0.0235,0.764,0.200756909716,-0.00129949078092,0.896619523682
0.55,-0.0120,0.0434,0.267,0.102220947644,-0.00117581734314,0.90641069322
0.6,-0.0353,0.0202,0.593,0.174301899157,-0.00261386000795,0.793819702917
0.5,-0.0157,0.0397,0.395,-0.0204496493954,0.00282441603094,0.777631556177
0.55,-0.0158,0.0396,0.401,0.102375412696,0.000854167320929,0.93193856766
0.6,-0.0461,0.0093,0.193,0.196471488983,-0.00503786287898,0.614453578592
0.55,-0.0249,0.0305,0.842,0.103594051933,-0.00159357842184,0.87340256581
0.6,-0.0420,0.0134,0.313,0.20419336876,-0.00174677600679,0.861350023352
0.55,-0.0305,0.0249,0.843,0.116996164447,-0.00560922998292,0.57489482742
0.55,-0.0301,0.0253,0.864,0.090957724136,0.00718033235659,0.472786433165
0.6,-0.0152,0.0402,0.377,0.205399255909,-0.00339837165546,0.734010413062
0.5,-0.0355,0.0199,0.583,0.0245281819647,-0.00914962275908,0.360261431515
0.55,-0.0349,0.0206,0.613,0.101654720199,-0.00514868991027,0.606687166154
0.6,-0.0232,0.0323,0.748,0.201822993074,-0.00652981514629,0.513816334457
0.5,-0.0351,0.0203,0.6,0.02059715165,0.00159380414748,0.873384784913
0.6,-0.0267,0.0287,0.943,0.196684721115,0.00513559195255,0.607602741952
0.55,-0.0162,0.0392,0.415,0.108051236289,-0.000310207879297,0.975256053263
0.5,-0.0445,0.0109,0.235,-0.0200147013202,-0.00939193604915,0.347680991257
0.6,-0.0261,0.0293,0.909,0.198207416635,-0.00263096949127,0.792500853562
0.6,-0.0290,0.0265,0.929,0.221948554081,-0.00280029034916,0.779481664577
0.55,-0.0365,0.0189,0.533,0.103176288339,-0.00306861290057,0.758977603966
0.5,-0.0343,0.0212,0.643,-0.0221914312351,-0.00977862080147,0.328191448301
0.6,-0.0229,0.0325,0.735,0.21134387568,0.00385674824175,0.699772159099
0.55,-0.0236,0.0318,0.772,0.0986649062136,0.00557578296325,0.577177028511
0.5,-0.0286,0.0269,0.953,0.0196557971378,0.0020519463729,0.837439930469
0.55,-0.0326,0.0229,0.731,0.10457144877,0.000394888213755,0.96850460019
0.6,-0.0210,0.0344,0.637,0.18242502847,-0.000374327874357,0.970143660325
0.5,-0.0321,0.0233,0.756,-0.0260221335341,0.00481013002537,0.630548016442
0.55,0.0012,0.0645,0.0402,0.0925948270644,0.00825257444398,0.409276030134
0.6,-0.0234,0.0320,0.762,0.205990915639,-0.00135651602944,0.892110066038
0.55,-0.0417,0.0137,0.322,0.102533934102,-0.00445203097139,0.656211610757
0.5,-0.0212,0.0343,0.643,-0.021788784474,0.00549562455389,0.582663801788
0.6,-0.0473,0.0081,0.166,0.202570801278,-0.00738332418752,0.460362432777
0.55,-0.0207,0.0347,0.622,0.101635014959,0.00115869144842,0.907767698607
0.6,-0.0217,0.0337,0.67,0.185241214788,0.00746442235728,0.455450385247
0.5,-0.0484,0.0070,0.144,0.0252546221685,-0.00839287117163,0.401358782302
0.55,-0.0249,0.0305,0.843,0.109747394531,0.00559320944406,0.575987429434
0.6,-0.0250,0.0304,0.85,0.199203022673,0.00660041333285,0.509275640974
0.5,-0.0197,0.0358,0.57,-0.0318743108887,0.00382093518625,0.70242639281
0.55,-0.0348,0.0206,0.615,0.0726012885736,-0.00659738071579,0.509470258246
0.6,-0.0245,0.0309,0.82,0.184639893187,0.00589306081206,0.555701944746
0.55,-0.0296,0.0259,0.896,0.108497613349,0.00287354037037,0.77386829873
0.6,-0.0480,0.0153,0.494,0.185233909918,-0.00119856786263,0.904608432214
0.5,-0.0217,0.0337,0.67,0.0273881811813,-0.000798775368585,0.936342587304
0.55,-0.0218,0.0337,0.675,0.11074581549,-0.00254932432663,0.798799580542
0.6,-0.0345,0.0210,0.633,0.199624133866,-0.00576651232156,0.564220550833
0.5,-0.0168,0.0386,0.439,0.021077262866,0.00243817460124,0.807395523068
0.55,-0.0357,0.0197,0.57,0.0967795846439,-0.00381519058124,0.702852484928
0.6,-0.0317,0.0237,0.776,0.196709695195,0.00593510168453,0.552885922128
0.5,-0.0327,0.0227,0.724,0.0202844015772,-0.0029868374728,0.765209342416
0.55,-0.0424,0.0130,0.297,0.117189839402,0.00121538022395,0.903276898016
0.6,-0.0279,0.0276,0.991,0.214470746388,-0.00494463101941,0.621020668962
0.55,-0.0276,0.0278,0.995,0.109022590211,-0.00662507156921,0.507694652548
0.5,-0.0324,0.0230,0.741,-0.0251978668391,-0.000347422763636,0.972288711909
0.6,-0.0397,0.0157,0.397,0.197007285464,-0.00300022328493,0.764188216946
0.55,-0.0088,0.0466,0.181,0.0995992133729,0.00900158571181,0.368086044722
0.5,-0.0085,0.0469,0.174,0.0245701905281,0.00638996306973,0.522873057237
0.6,-0.0264,0.0290,0.926,0.195424530916,0.000650349104425,0.948152672049
0.55,-0.0256,0.0298,0.883,0.0978039729008,0.00960331811608,0.33693750737
0.6,-0.0233,0.0321,0.756,0.178969086444,0.00446180571527,0.655505498783
0.5,-0.0141,0.0413,0.336,0.0227154008218,0.00692826063612,0.488467855654
0.55,-0.0265,0.0289,0.933,0.109559630373,0.000687287045504,0.945212401758
0.6,-0.0173,0.0381,0.462,0.186188324495,-0.00420843543503,0.673906390978
0.55,-0.0280,0.0275,0.986,0.109771721113,0.00669084391558,0.503490222437
0.5,-0.0334,0.0220,0.687,-0.0290110144799,-0.00242068122223,0.808750550911
0.6,-0.0285,0.0269,0.954,0.184621243196,-0.0075876444378,0.448043696872
0.55,-0.0205,0.0349,0.611,0.0943759771582,0.000589206469488,0.953021175285
0.5,-0.0183,0.0372,0.503,0.0291845081195,-0.00135138284254,0.892515848929
0.6,-0.0012,0.0542,0.0608,0.193985972951,0.00665857731283,0.505550532233
0.55,-0.0538,0.0016,0.0643,0.0899903426605,-0.000399004995574,0.968176428125
0.6,-0.0544,0.0010,0.059,0.198536078016,-0.00796888990439,0.425566019561
0.55,-0.0015,0.0539,0.0633,0.0942376465921,0.00522509083628,0.601358907818
0.5,-0.0430,0.0125,0.28,0.0219184636423,-0.00502219099042,0.615555340003
0.55,-0.0225,0.0329,0.712,0.0948003748004,-0.00119917060071,0.904560690872
0.5,-0.0102,0.0453,0.214,0.0200483189358,0.00309706939092,0.756812704909
0.5,-0.0118,0.0437,0.259,-0.0205985033275,0.00539836804568,0.5893534144
0.5,-0.0306,0.0249,0.839,-0.0262000131,-0.0084097757568,0.400411065036
0.5,-0.0096,0.0458,0.2,0.0211456774257,0.00109520200627,0.912800732691
0.5,-0.0318,0.0237,0.774,0.0198051497206,-0.000388129082299,0.969043420488
0.5,-0.0294,0.0261,0.908,0.0258069414348,-0.0075909391704,0.447846599283
0.5,-0.0451,0.0103,0.218,-0.0249231730781,-0.00410876897967,0.681199196087
0.5,-0.0181,0.0373,0.498,0.0210170751886,0.000410565156708,0.967254931016
0.5,-0.0174,0.0380,0.467,0.0197909396362,-0.00139481955549,0.889083037794
0.5,-0.0177,0.0377,0.479,0.020966048764,-0.00305066657502,0.760343888907
0.5,-0.0370,0.0184,0.511,0.0214665389396,0.00300304246467,0.763973210371
0.5,-0.0110,0.0445,0.236,0.0245763648964,-0.00701159482723,0.483252810365
0.5,-0.0313,0.0241,0.799,0.0238655261552,0.00219633721202,0.826177605159
0.5,-0.0475,0.0079,0.161,0.0209945832962,-0.00272432377786,0.785315374363
0.5,-0.0269,0.0285,0.956,-0.0218764001221,-0.00450098153038,0.652678594169
0.5,-0.0314,0.0320,0.984,-0.020989430464,-0.00765862998912,0.443808115091
0.45,-0.0500,0.0055,0.115,-0.0906626870957,-0.00691660410753,0.489199730818
0.45,-0.0382,0.0173,0.459,-0.097840408587,9.72015746737e-06,0.999224540873
0.4,-0.0389,0.0165,0.428,-0.195829744501,-0.0077924718467,0.435884526204
0.45,-0.0282,0.0272,0.973,-0.0774497282384,0.000838597938296,0.933176229996
0.45,-0.0290,0.0264,0.926,-0.0987635931779,0.00389132984056,0.69721266815
0.4,-0.0241,0.0313,0.8,-0.2002177735,0.00656536525224,0.511527213604
0.45,-0.0485,0.0069,0.142,-0.106666674975,-0.00954244190817,0.340009427965
0.4,-0.0230,0.0324,0.738,-0.194804179741,0.00441158352697,0.659136729848
0.45,-0.0239,0.0315,0.788,-0.116086983623,-0.0017672379315,0.859742596003
0.35,-0.0229,0.0325,0.734,-0.323321056589,0.00264194711953,0.791654977883
0.4,-0.0213,0.0342,0.648,-0.211206922687,0.00140144428842,0.888559665055
0.45,-0.0413,0.0141,0.336,-0.0911358014864,-0.00972929799634,0.330637203819
0.35,-0.0313,0.0242,0.801,-0.294210707866,0.00136510943222,0.891430813344
0.4,-0.0173,0.0382,0.459,-0.197290064545,-0.00778745720355,0.436179920334
0.45,-0.0302,0.0253,0.862,-0.0834034619545,-0.00199325347439,0.842027587722
0.35,-0.0228,0.0327,0.725,-0.315804265625,0.00227885497728,0.819757174339
0.3,-0.0249,0.0305,0.843,-0.402621085385,-0.000201600358849,0.983917718347
0.4,-0.0165,0.0389,0.429,-0.194184307131,-0.00221202765036,0.824955875629
0.35,-0.0269,0.0286,0.951,-0.293996789984,0.00120252312656,0.904295152178
0.45,-0.0249,0.0305,0.843,-0.0901973069098,-0.00559275592806,0.576018373521
0.3,-0.0388,0.0166,0.433,-0.403175405531,0.000393286449942,0.968632287316
0.4,-0.0565,-0.0012,0.0412,-0.19661842478,-0.00620040359623,0.535278322347
0.45,-0.0256,0.0299,0.879,-0.101917818231,-0.00986000508962,0.324181590643
0.35,-0.0424,0.0130,0.298,-0.298834911161,0.0031710158947,0.751195991545
0.3,-0.0409,0.0145,0.35,-0.411614243114,-0.00204134171506,0.838268426191
0.4,-0.0541,0.0013,0.0618,-0.200337580069,-0.00925216111253,0.354903360022
0.35,-0.0252,0.0303,0.857,-0.312826393809,-0.0048476749519,0.627882253957
0.45,-0.0110,0.0444,0.238,-0.096847369815,0.00309158484614,0.75722980763
0.3,-0.0284,0.0270,0.962,-0.411697933595,0.00920080160876,0.357580798985
0.4,-0.0153,0.0401,0.38,-0.198388278372,0.00991012324679,0.321728175538
0.35,-0.0252,0.0302,0.861,-0.29660607099,-0.00596581319095,0.550833206453
0.45,-0.0208,0.0346,0.627,-0.0915458212047,0.00642844182652,0.520373051437
0.3,-0.0369,0.0186,0.517,-0.402039391137,-0.00913124440305,0.361227118244
0.4,-0.0384,0.0250,0.67,-0.204893179716,0.00965625397916,0.334280821103
0.35,-0.0255,0.0300,0.874,-0.302364723506,0.00520729748139,0.602597942594
0.45,-0.0406,0.0149,0.364,-0.119227416995,-0.00580938515057,0.561327537189
0.3,-0.0065,0.0489,0.133,-0.405130465015,0.00823090876736,0.410506899303
0.4,-0.0260,0.0294,0.905,-0.19077601256,0.00242955525978,0.808063100736
0.35,-0.0233,0.0322,0.754,-0.306926413861,-0.00646405602694,0.518064660208
0.45,-0.0136,0.0418,0.319,-0.106512226703,0.00162407194384,0.87100110794
0.3,-0.0117,0.0437,0.257,-0.401205221594,0.00900964056418,0.367657596915
0.35,-0.0137,0.0417,0.322,-0.303454996434,0.00139362923862,0.889177081338
0.4,-0.0185,0.0369,0.516,-0.192809959516,-0.00580145125482,0.561862366766
0.45,-0.0212,0.0342,0.647,-0.0950607615837,0.00262213794925,0.793181540969
0.3,-0.0289,0.0265,0.932,-0.385410268488,-0.00301644590923,0.762951237125
0.4,-0.0173,0.0382,0.46,-0.202312103183,0.00944937745661,0.344740202716
0.35,-0.0101,0.0453,0.214,-0.30579907789,0.00601377013883,0.547635345507
0.45,0.0012,0.0566,0.0408,-0.0996397971459,0.00941526405357,0.346484764898
0.3,-0.0204,0.0350,0.606,-0.382091375434,0.00672795032503,0.501126369569
0.4,-0.0242,0.0313,0.802,-0.198597674087,0.00304694753343,0.760627119692
0.35,-0.0225,0.0329,0.714,-0.302049411886,0.00639486014811,0.522554546713
0.45,-0.0254,0.0300,0.872,-0.109879002252,0.00411070969997,0.681056901952
0.3,-0.0399,0.0155,0.388,-0.406590376435,-0.00333080843016,0.73910399179
0.4,-0.0142,0.0413,0.338,-0.192931162918,0.000235290376388,0.981230622095
0.45,-0.0298,0.0257,0.884,-0.107602560144,-0.00460378682543,0.645283984767
0.35,-0.0154,0.0400,0.385,-0.30675395472,0.00362353234423,0.717121038521
0.3,-0.0286,0.0268,0.95,-0.392472692072,-0.00505592508095,0.613184852234
0.4,-0.0094,0.0461,0.194,-0.196595059049,0.00588552230842,0.556207635383
0.45,-0.0489,0.0065,0.133,-0.110810485512,-0.00878918722821,0.37949572184
0.3,-0.0273,0.0281,0.977,-0.406856462345,-0.00441105850915,0.659174733033
0.35,-0.0409,0.0145,0.35,-0.304806242496,0.00380647986071,0.703498759534
0.4,-0.0273,0.0281,0.978,-0.200009696144,0.00505233638892,0.613436837314
0.3,-0.0217,0.0337,0.672,-0.389972665208,-0.000630876075325,0.949703017335
0.45,-0.0191,0.0364,0.54,-0.105850909904,5.45647232457e-05,0.995646930772
0.35,-0.0149,0.0405,0.365,-0.301781077071,0.00217047679188,0.828192133393
0.4,-0.0247,0.0307,0.831,-0.196131769056,0.00112408866836,0.910510338226
0.3,-0.0033,0.0522,0.0836,-0.402252195226,0.00540506561595,0.588891600441
0.45,-0.0481,0.0073,0.15,-0.100212388862,-0.00563119754314,0.573398233362
0.35,-0.0345,0.0289,0.843,-0.305226377834,-0.00720983590936,0.470969300653
0.4,-0.0209,0.0345,0.63,-0.194871536633,-0.00493575518334,0.621647455549
0.3,-0.0202,0.0353,0.594,-0.397979803961,0.000143608929652,0.988543491265
0.45,-0.0212,0.0342,0.645,-0.106993368087,0.00958716822838,0.337750714948
0.35,-0.0233,0.0321,0.755,-0.293185577202,0.00962183554317,0.336006635725
0.4,-0.0301,0.0253,0.864,-0.187320099115,-0.00378131341738,0.705367135931
0.3,-0.0223,0.0332,0.701,-0.394309314265,0.00955547995782,0.339349999101
0.45,-0.0096,0.0458,0.2,-0.111027303704,0.00156821099577,0.875401217966
0.35,-0.0340,0.0214,0.657,-0.311586501787,-0.00225565641459,0.821560976273
0.4,-0.0373,0.0182,0.5,-0.201226722639,-0.00840149511398,0.400875132394
0.45,-0.0150,0.0404,0.369,-0.0854622576344,0.0015605142186,0.876007790441
0.3,-0.0331,0.0223,0.701,-0.386553086673,-0.00762039626939,0.44608660644
0.35,-0.0297,0.0257,0.887,-0.290420911058,-0.00464596806334,0.642260023473
0.4,-0.0321,0.0233,0.755,-0.203004060579,0.00259738561034,0.795090155324
0.3,-0.0429,0.0125,0.283,-0.389477126379,-0.00400367534559,0.688921509156
0.45,-0.0106,0.0448,0.226,-0.0990451220152,0.000820718246186,0.934597745661
0.35,-0.0248,0.0306,0.838,-0.304341793424,0.00651054819594,0.515059183457
0.4,-0.0481,0.0073,0.15,-0.203399158018,0.00121112082041,0.903614215982
0.3,-0.0368,0.0186,0.519,-0.405782111925,-0.00386808474766,0.698932731798
0.25,-0.0174,0.0380,0.466,-0.499581984951,0.0082690861779,0.408339442293
0.45,-0.0122,0.0432,0.272,-0.099346093097,0.00998348099817,0.318159031715
0.4,-0.0568,-0.0014,0.0397,-0.203137501667,-0.00788694853071,0.43034084708
0.3,-0.0389,0.0165,0.427,-0.388599137308,-0.00561108371765,0.574768465854
0.25,-0.0181,0.0374,0.495,-0.508606254928,0.00175699007983,0.860547564244
0.35,-0.0231,0.0323,0.744,-0.297379796631,0.00484630486862,0.62797944751
0.45,-0.0058,0.0496,0.122,-0.106432967163,0.000621496595914,0.950449832921
0.4,-0.0312,0.0243,0.808,-0.195612210894,0.00240749974151,0.809771960627
0.3,-0.0184,0.0450,0.695,-0.390397672924,-0.00613657943062,0.539488270879
0.25,-0.0195,0.0359,0.562,-0.490179083597,0.00243336273439,0.807768190294
0.4,-0.0277,0.0277,0.999,-0.206771492045,0.00558648089223,0.576446609278
0.45,-0.0291,0.0263,0.921,-0.0959819669645,0.00283761184899,0.776620150513
0.35,-0.0377,0.0177,0.48,-0.28968690914,-0.00954613378714,0.339822619536
0.25,-0.0322,0.0232,0.752,-0.483589310127,-0.00585771340687,0.558075024007
0.3,-0.0164,0.0390,0.424,-0.39611621091,-0.00685991504965,0.492767454309
0.45,-0.0349,0.0205,0.611,-0.0975862622278,-0.00820435691961,0.41201835617
0.35,-0.0320,0.0234,0.762,-0.299776845917,-0.00398176739746,0.690535435607
0.4,-0.0157,0.0397,0.396,-0.205003092911,0.0049776742536,0.618689668491
0.25,-0.0153,0.0401,0.379,-0.489199231002,0.000994758696852,0.920770299414
0.3,-0.0153,0.0402,0.378,-0.397637768032,0.00464124170884,0.642598560892
0.45,-0.0365,0.0189,0.533,-0.103747254733,0.00717662975061,0.473014749974
0.4,-0.0288,0.0267,0.941,-0.193940093847,7.86619577098e-05,0.993724533128
0.35,-0.0120,0.0434,0.268,-0.29257757861,-0.00252752416162,0.800483645837
0.3,-0.0249,0.0305,0.842,-0.391248526615,-0.00700976481834,0.483367006649
0.25,-0.0340,0.0214,0.656,-0.50079099777,-0.0054764833573,0.583977590782
0.4,-0.0215,0.0339,0.662,-0.190363660685,-0.00314850685439,0.752904318716
0.45,-0.0419,0.0136,0.317,-0.110200622605,0.00259083259277,0.795595654183
0.35,-0.0301,0.0254,0.868,-0.299825336311,-0.00500002890025,0.61711485379
0.25,-0.0162,0.0393,0.414,-0.500398970134,-0.000185205441395,0.985225435336
0.3,-0.0149,0.0406,0.363,-0.408679821233,-0.00187495549449,0.851290358918
0.45,-0.0377,0.0177,0.479,-0.104576809455,-0.0057527866252,0.565148260918
0.4,-0.0320,0.0235,0.765,-0.187429996205,-0.00820447864257,0.412011419602
0.25,-0.0373,0.0181,0.496,-0.496412836706,-0.00538849200772,0.590034696068
0.3,-0.0444,0.0110,0.237,-0.40290610891,1.19601669643e-05,0.999045836325
0.35,-0.0172,0.0382,0.458,-0.284594974177,0.00378926282628,0.704776773002
0.45,-0.0273,0.0281,0.978,-0.112589003289,-0.00222457000747,0.82397957479
0.4,-0.0520,0.0034,0.0857,-0.181691363517,-0.00618354549134,0.536388700098
0.25,-0.0349,0.0205,0.61,-0.503790510344,-0.0075920759209,0.447778607994
0.3,-0.0249,0.0305,0.844,-0.410199775851,0.0044141453294,0.658951307526
0.35,-0.0310,0.0244,0.816,-0.304581667701,0.000648853479935,0.948271739322
0.4,-0.0287,0.0267,0.944,-0.184539217828,-0.00147618898955,0.882658040006
0.45,-0.0209,0.0346,0.628,-0.0903791655792,0.00576418439882,0.564377841845
0.25,-0.0300,0.0254,0.871,-0.488740831656,-0.00791439190083,0.428738234454
0.35,-0.0193,0.0362,0.55,-0.299597782681,0.00480080998569,0.631210504689
0.4,-0.0398,0.0157,0.394,-0.210489022501,-0.0022716059638,0.820320718727
0.45,-0.0427,0.0128,0.29,-0.0871235344264,0.000370682107607,0.970434312408
0.25,-0.0188,0.0367,0.526,-0.488586713027,0.0043790933623,0.661490170365
0.3,-0.0401,0.0153,0.38,-0.415295023226,-0.00827345013133,0.408092121078
0.35,-0.0361,0.0194,0.555,-0.290210185173,-0.00300216702507,0.764039974395
0.4,-0.0122,0.0432,0.274,-0.201312895219,-0.00353229190156,0.723948901125
0.45,-0.0185,0.0369,0.515,-0.106606986161,0.000808973720278,0.935531601865
0.3,-0.0249,0.0305,0.843,-0.401452609778,0.00882465304595,0.377575580781
0.25,-0.0049,0.0505,0.107,-0.493578273306,-0.00216867504773,0.828332531645
0.35,-0.0521,0.0034,0.0849,-0.309731184933,-0.00715121753876,0.474583399853
0.4,0.0031,0.0585,0.0291,-0.193605115493,0.00799207992094,0.424220343054
0.45,-0.0233,0.0321,0.756,-0.0955751868357,-0.0037938640531,0.704435144038
0.25,-0.0324,0.0231,0.742,-0.492772463072,0.00116504310668,0.907264380327
0.3,-0.0165,0.0389,0.428,-0.406764989896,0.00736569824151,0.461433927702
0.35,-0.0281,0.0273,0.977,-0.274609110554,-0.000150738647341,0.987974754783
0.4,-0.0240,0.0314,0.793,-0.201198866782,0.00219162371342,0.826544702139
0.45,-0.0233,0.0321,0.756,-0.106947327647,0.00764794576346,0.444444158433
0.3,-0.0192,0.0362,0.547,-0.382340943633,0.00645292759276,0.518785398256
0.25,-0.0449,0.0106,0.225,-0.497461453734,-0.00684734864991,0.493560203927
0.35,-0.0052,0.0502,0.111,-0.293973616304,0.00681390275378,0.495673455984
0.4,-0.0062,0.0492,0.128,-0.185381742978,-0.00139034527807,0.889436545794
0.45,-0.0437,0.0117,0.257,-0.109010577403,-0.00796917107934,0.425549688558
0.3,-0.0267,0.0287,0.945,-0.391167491776,9.36183673231e-05,0.992531377846
0.25,-0.0217,0.0337,0.672,-0.499774798646,-0.00291628142445,0.770598358215
0.35,-0.0537,0.0017,0.066,-0.313225176805,-0.00719322358821,0.471991984087
0.4,-0.0325,0.0230,0.737,-0.203358323945,-0.00870595367331,0.384025563087
0.45,-0.0463,0.0091,0.189,-0.0884215527506,-0.00741561591014,0.458403008876
0.3,-0.0237,0.0317,0.778,-0.403305025391,0.00560896891937,0.574912624117
0.25,-0.0193,0.0361,0.553,-0.510412505494,0.00800045952114,0.423734701879
0.35,-0.0117,0.0437,0.258,-0.298606580939,0.00537255354773,0.591134948019
0.4,-0.0385,0.0169,0.446,-0.189203606636,-0.00697990141281,0.485232612039
0.45,-0.0310,0.0245,0.817,-0.095234401801,-0.00191381353642,0.848245432699
0.3,-0.0298,0.0257,0.885,-0.399604725759,0.00259446439536,0.795315486828
0.25,-0.0297,0.0258,0.89,-0.505779857052,0.00203175233065,0.839017757418
0.35,-0.0321,0.0233,0.755,-0.304630255011,-0.0046624521494,0.641079889845
0.4,-0.0122,0.0432,0.272,-0.191253372349,0.00978148791379,0.328049639411
0.3,-0.0321,0.0234,0.757,-0.379436011764,0.00258823417967,0.795796119169
0.45,-0.0345,0.0209,0.629,-0.0874821153156,-0.00262656647614,0.792840194383
0.25,-0.0452,0.0102,0.216,-0.519800701484,-0.00699377044647,0.484365711169
0.35,-0.0251,0.0303,0.853,-0.298020319064,0.00766960296652,0.443155423386
0.4,-0.0438,0.0117,0.256,-0.196162736836,-0.0017482767295,0.861232111484
0.3,-0.0397,0.0157,0.396,-0.39998550364,-0.00220794494985,0.825273732751
0.25,-0.0210,0.0344,0.637,-0.48902843401,0.00375148627839,0.707583827798
0.45,-0.0137,0.0417,0.323,-0.0858152407032,0.00685449973977,0.493108994707
0.4,-0.0317,0.0237,0.776,-0.214400912804,-0.00959304905607,0.337454447314
0.35,-0.0280,0.0274,0.984,-0.287175894268,-0.00260944125915,0.794160409049
0.3,-0.0142,0.0412,0.339,-0.393442318028,2.31288110806e-05,0.998154820265
0.25,-0.0312,0.0322,0.974,-0.497846389536,-0.00462233022421,0.643953887363
0.4,-0.0221,0.0333,0.691,-0.187806441039,0.00320647706702,0.74850713511
0.45,-0.0332,0.0222,0.696,-0.0878899365616,0.00585600184277,0.558190056337
0.35,-0.0324,0.0231,0.742,-0.317597232463,-0.00581139166249,0.561192315812
0.3,-0.0449,0.0106,0.225,-0.400510441881,-0.00334715220115,0.737870778338
0.4,-0.0264,0.0291,0.925,-0.197767500434,-0.00161486672915,0.871725922429
0.25,-0.0517,0.0037,0.0898,-0.495174420536,-0.00583950448821,0.559299415909
0.45,0.0036,0.0590,0.0269,-0.10257145466,0.00683286481934,0.494474760629
0.35,-0.0370,0.0184,0.511,-0.313133921888,-0.00988314205522,0.323047465614
0.3,-0.0491,0.0063,0.129,-0.398498649515,-0.00631168213825,0.527978018785
0.4,-0.0140,0.0414,0.334,-0.199259812295,0.00525939844858,0.598973159402
0.25,-0.0353,0.0201,0.59,-0.508809052345,0.000768354730033,0.938762062835
0.35,-0.0170,0.0385,0.447,-0.300799136081,0.00957540091716,0.338344036641
0.45,-0.0228,0.0326,0.73,-0.109745011604,0.00324345455328,0.745706557218
0.3,-0.0061,0.0493,0.127,-0.407584752128,0.00299742552443,0.76440160794
0.4,-0.0073,0.0481,0.148,-0.207064477961,0.00389833322491,0.69669474415
0.25,-0.0383,0.0171,0.454,-0.49539767801,0.00616418691106,0.537665202287
0.35,-0.0144,0.0410,0.347,-0.287490654678,-0.000630290206757,0.949749664246
0.45,-0.0087,0.0467,0.179,-0.103224126933,0.00608957656831,0.542599223845
0.3,-0.0461,0.0094,0.194,-0.418004654032,-0.00898934904412,0.368737523033
0.4,-0.0209,0.0345,0.631,-0.200005520029,-0.0029850957052,0.765342241748
0.25,-0.0068,0.0487,0.138,-0.493278145108,-0.00353014100561,0.724110128461
0.35,-0.0422,0.0133,0.307,-0.291019825244,-0.00913844354006,0.360848647949
0.45,-0.0349,0.0206,0.613,-0.0980082836685,-0.0059960642241,0.548814940227
0.3,-0.0115,0.0439,0.252,-0.396297598952,0.00877436955603,0.380299734929
0.4,-0.0272,0.0282,0.971,-0.18768284861,0.00487794221047,0.625736746371
0.25,-0.0294,0.0260,0.904,-0.517846054382,0.00316690213222,0.751508115435
0.35,-0.0258,0.0296,0.894,-0.304003302891,-0.00171647856116,0.863731152685
0.45,-0.0367,0.0187,0.524,-0.113426653583,-0.00632180399342,0.527316511917
0.3,-0.0468,0.0086,0.176,-0.3791211816,-0.00670571802693,0.502541965175
0.4,-0.0190,0.0364,0.539,-0.208464677601,0.0022393254488,0.822831355478
0.25,-0.0249,0.0305,0.843,-0.490388213569,-0.000790768888258,0.936979318764
0.35,-0.0246,0.0309,0.824,-0.295452357958,0.00173805620503,0.862035199714
0.45,-0.0412,0.0142,0.339,-0.100530036915,-0.0065734100519,0.511009937352
0.3,-0.0285,0.0269,0.955,-0.40560552732,-0.00918205162506,0.358561420127
0.25,-0.0205,0.0349,0.611,-0.513010348292,0.00460268538269,0.645363025795
0.35,-0.0267,0.0288,0.941,-0.305556647959,0.00387016298026,0.698778886056
0.3,-0.0171,0.0383,0.453,-0.409623889962,0.00640022580395,0.522205673938
0.25,-0.0251,0.0303,0.854,-0.510186118928,-0.00376583101063,0.70651744599
0.35,-0.0330,0.0224,0.709,-0.299484232142,-0.00641616408155,0.52117007992
0.3,-0.0373,0.0182,0.5,-0.410767790077,0.00504736277839,0.613786141916
0.25,-0.0264,0.0290,0.927,-0.500998572896,-0.00158344766187,0.874200653339
0.35,-0.0477,0.0077,0.157,-0.298034986554,-0.00155080436417,0.876773114626
0.3,-0.0338,0.0217,0.669,-0.404173756657,-0.00840771851253,0.40052632786
0.25,-0.0520,0.0034,0.0856,-0.494386750733,-0.00613819829641,0.539381283201
0.35,-0.0316,0.0238,0.783,-0.291306306192,0.00141482607221,0.887502614476
0.3,-0.0133,0.0421,0.309,-0.407226362633,0.00495542289496,0.620258947433
0.25,-0.0445,0.0109,0.234,-0.503688717008,-0.00160810854951,0.872258127072
0.3,-0.0404,0.0150,0.368,-0.403946471728,-0.00363568461648,0.716213327961
0.25,-0.0259,0.0296,0.896,-0.499350216413,0.00137253778454,0.890843714489
0.25,-0.0381,0.0173,0.461,-0.50542862328,-0.00901488800932,0.3673786458
0.25,-0.0184,0.0370,0.511,-0.490612519414,0.00527004943622,0.598233364245
0.25,-0.0434,0.0120,0.268,-0.491721703449,-0.0072242425035,0.470083396361
0.25,-0.0453,0.0181,0.615,-0.502339733992,-0.000175410408752,0.986006741156
0.25,-0.0335,0.0219,0.681,-0.504198723492,-0.00825622845886,0.40906865502
0.25,-0.0027,0.0527,0.0766,-0.501342234202,0.00234316677875,0.814761627843
0.25,-0.0254,0.0300,0.87,-0.5008110856,-0.00198283818038,0.842842251359
0.25,-0.0227,0.0327,0.725,-0.494590106929,0.00876028622566,0.381064871566
0.25,-0.0341,0.0213,0.652,-0.4971975905,-0.00718669338562,0.472394329507
0.25,-0.0220,0.0334,0.685,-0.506207653092,0.00940311089968,0.347107633732
0.25,-0.0420,0.0135,0.314,-0.498802213061,-0.00720344608885,0.471362524387
0.25,-0.0328,0.0226,0.717,-0.503189300181,0.00258448379001,0.796085481765
0.25,-0.0278,0.0276,0.993,-0.495024536822,0.00534574973376,0.592987372597
0.25,-0.0149,0.0406,0.364,-0.501783392971,0.00821339531615,0.411503477759
0.25,-0.0413,0.0141,0.336,-0.498828303346,0.0040742389397,0.683732840008
0.25,-0.0308,0.0246,0.826,-0.505606014237,0.000616282068769,0.950865044352
0.25,-0.0273,0.0281,0.977,-0.4954840058,-0.00497923601647,0.618579590183
0.25,-0.0401,0.0153,0.382,-0.509972260198,0.00644835589884,0.519081636085
0.2,-0.0431,0.0124,0.278,-0.595168229596,-0.00415337812826,0.677931316351
0.2,-0.0300,0.0254,0.871,-0.605386295833,0.00210017010103,0.833674706743
0.2,-0.0077,0.0477,0.157,-0.59932895809,0.0091568617335,0.359881506403
0.15,-0.0320,0.0235,0.763,-0.703916991435,0.00241155472648,0.809457712399
0.2,-0.0391,0.0163,0.419,-0.602181963986,0.00172935152809,0.862719291154
0.15,-0.0239,0.0316,0.785,-0.710078431338,0.00919937251115,0.357655481081
0.2,-0.0202,0.0353,0.593,-0.595260538153,0.006399286331,0.522266749445
0.1,-0.0120,0.0434,0.267,-0.802440320428,0.00221705534043,0.824564486123
0.15,-0.0048,0.0506,0.105,-0.713586403702,0.00280095623205,0.779430583687
0.2,-0.0280,0.0274,0.984,-0.597795472447,0.00641389672168,0.521317337739
0.1,-0.0233,0.0321,0.754,-0.80020846625,-0.00981117205867,0.326583782347
0.15,-0.0354,0.0200,0.585,-0.696251162781,0.000952925835777,0.92409187767
0.2,-0.0234,0.0321,0.759,-0.605368195951,-0.00223440960031,0.823213848435
0.1,-0.0312,0.0242,0.805,-0.804076787209,-0.00384955947201,0.70030465171
0.15,-0.0245,0.0309,0.82,-0.702039214984,-0.00337034360446,0.736122036971
0.2,-0.0168,0.0387,0.439,-0.602386624286,0.00759433153483,0.447643712643
0.05,-0.0447,0.0108,0.23,-0.904397360048,-0.00583459360863,0.559629853039
0.1,-0.0394,0.0161,0.41,-0.792996686767,-0.00647498531817,0.517357324006
0.2,-0.0308,0.0247,0.829,-0.606382377439,-0.00885871459846,0.375737114092
0.05,-0.0321,0.0234,0.759,-0.901208860762,-0.00107559675781,0.914355627011
0.1,-0.0279,0.0275,0.988,-0.803631745382,0.00846172902791,0.397506850492
0.15,-0.0489,0.0065,0.133,-0.696210758385,0.00439723432956,0.660175706509
0.2,-0.0251,0.0304,0.852,-0.596788295362,0.009550706535,0.339591330525
0.1,-0.0389,0.0166,0.43,-0.80121166732,-0.00686727778921,0.492303294093
0.05,-0.0429,0.0126,0.283,-0.897982580704,-0.00294668813702,0.768274542435
0.15,-0.0249,0.0305,0.843,-0.678653122495,0.00118599799987,0.905604137189
0.2,-0.0416,0.0138,0.326,-0.608967858034,-0.00999820865302,0.317445611464
0.1,-0.0185,0.0370,0.513,-0.804397464207,0.00441844995981,0.658639787157
0.15,-0.0152,0.0402,0.377,-0.707621838419,0.00883240718357,0.377156565921
0.05,-0.0149,0.0405,0.365,-0.909206055093,0.00638629630547,0.523111612231
0.2,-0.0017,0.0537,0.0657,-0.596686743795,0.0034898491251,0.727132590828
0.1,-0.0206,0.0348,0.617,-0.7973352902,0.00487308606739,0.626080763439
0.15,-0.0231,0.0403,0.541,-0.687592459832,0.00996258933848,0.319172841812
0.05,-0.0376,0.0178,0.484,-0.896384143892,-0.00938061038815,0.348262700669
0.2,-0.0044,0.0510,0.0987,-0.607348966701,0.00424394694861,0.671315280493
0.1,-0.0100,0.0454,0.21,-0.794786671644,0.00972064285864,0.331067596698
0.15,-0.0221,0.0333,0.692,-0.702959491408,5.84082717796e-05,0.995340303179
0.05,-0.0245,0.0310,0.819,-0.894204069851,0.00498241616078,0.618355469352
0.2,-0.0409,0.0146,0.352,-0.587451621786,0.00793439479031,0.427572313956
0.1,-0.0297,0.0257,0.887,-0.813411365126,-0.00222192590079,0.824185370248
0.15,-0.0321,0.0233,0.755,-0.691575288268,0.00384146631236,0.700904311329
0.2,-0.0314,0.0241,0.795,-0.601164296609,-0.00331204199836,0.740520833963
0.05,-0.0387,0.0168,0.438,-0.895596768097,0.000889858115758,0.929102012603
0.0,-0.0258,0.0297,0.889,-1.0,0.00743426480893,0.457273548991
0.1,-0.0254,0.0300,0.872,-0.797608525142,0.00137483687318,0.890662018423
0.15,-0.0178,0.0376,0.484,-0.699694104888,0.00497143840804,0.619129277141
0.2,-0.0452,0.0182,0.676,-0.602466702915,0.00542245935765,0.587693039922
0.05,-0.0429,0.0126,0.284,-0.900612638132,0.0038043766856,0.703654832555
0.0,-0.0221,0.0334,0.69,-1.0,0.00837390941886,0.402423430577
0.1,-0.0214,0.0341,0.654,-0.80540997314,0.00806246819802,0.420151098419
0.15,-0.0461,0.0173,0.617,-0.709217022365,0.00140878632409,0.887979680118
0.2,-0.0329,0.0225,0.714,-0.610206115411,-0.00658262657689,0.510417655808
0.05,-0.0197,0.0357,0.572,-0.904404840864,-0.00182742491986,0.855017878829
0.0,-0.0324,0.0230,0.738,-1.0,-0.00454942800081,0.649189613004
0.1,-0.0413,0.0142,0.338,-0.7986020209,-0.00800364301378,0.42355028729
0.15,-0.0265,0.0289,0.933,-0.686234118004,0.0067524154136,0.499571050171
0.2,-0.0224,0.0330,0.709,-0.589252196681,-0.00799968319987,0.423779680039
0.1,-0.0299,0.0256,0.88,-0.8079707629,-0.00115209216973,0.908290678056
0.0,-0.0366,0.0189,0.531,-1.0,-0.00983989976437,0.32516921383
0.15,-0.0430,0.0124,0.279,-0.694602710383,-0.00261500042793,0.793731777606
0.2,-0.0210,0.0344,0.637,-0.594384471916,0.00032834731879,0.973809653619
0.05,-0.0337,0.0218,0.674,-0.902368848978,0.00257174301343,0.797068709927
0.0,-0.0242,0.0313,0.801,-1.0,0.00836756834533,0.402779841169
0.1,-0.0405,0.0149,0.366,-0.794190844915,0.000880055268546,0.929881013714
0.15,-0.0173,0.0381,0.461,-0.692770964828,0.00899858861206,0.368245543562
0.2,-0.0297,0.0257,0.886,-0.604198190956,-0.00141764879609,0.887279668043
0.05,-0.0272,0.0283,0.968,-0.90081280387,-0.000766653869024,0.938897356027
0.0,-0.0486,0.0069,0.14,-1.0,0.0038915593657,0.69719569175
0.1,-0.0625,-0.0072,0.0136,-0.799795739473,-0.00802840213708,0.422117634832
0.2,-0.0278,0.0276,0.994,-0.603200016005,0.00639703198521,0.522413320322
0.15,-0.0346,0.0209,0.628,-0.713979344497,0.00299131732165,0.764867555369
0.05,-0.0265,0.0289,0.932,-0.896836574251,0.00647003887892,0.517677392214
0.0,-0.0180,0.0375,0.49,-1.0,0.00437722155157,0.661625858102
0.2,-0.0390,0.0164,0.425,-0.595159680892,0.00514047788778,0.607261132349
0.1,-0.0163,0.0391,0.421,-0.800799716733,0.00558310205923,0.576677257723
0.15,-0.0314,0.0241,0.796,-0.70283823344,-0.00460874040102,0.644928558986
0.05,-0.0325,0.0229,0.734,-0.899408735641,-0.00599208523096,0.549080199198
0.0,-0.0072,0.0482,0.147,-1.0,0.00960185371453,0.337011193557
0.2,-0.0093,0.0461,0.193,-0.601139247647,0.00765962902123,0.443748668227
0.15,-0.0191,0.0363,0.543,-0.696823726055,0.00322440288487,0.747149063755
0.1,-0.0486,0.0148,0.465,-0.802998572323,-0.00718410259983,0.472554007927
0.05,-0.0258,0.0296,0.894,-0.904599575162,0.0060467569227,0.545441064847
0.0,-0.0318,0.0236,0.773,-1.0,0.00397985452054,0.690676421377
0.2,-0.0201,0.0353,0.592,-0.5930081615,-0.00280080582568,0.779442121507
0.15,-0.0472,0.0082,0.168,-0.698214860957,-0.0078770956566,0.430917073255
0.1,-0.0334,0.0221,0.689,-0.809360370443,0.00261009717135,0.794109832678
0.05,-0.0335,0.0220,0.685,-0.904210049326,-0.00281049182579,0.778699198362
0.0,-0.0291,0.0263,0.92,-1.0,0.00372491097868,0.709560940015
0.2,-0.0290,0.0265,0.931,-0.602589843982,-0.000470464776884,0.962480869888
0.15,-0.0201,0.0354,0.589,-0.709601402935,0.00579082481463,0.562579088258
0.1,-0.0461,0.0093,0.194,-0.785901929175,-0.00939869507651,0.347334128181
0.05,-0.0189,0.0365,0.534,-0.906795244541,-0.00564019666311,0.572785679927
0.0,-0.0302,0.0252,0.859,-1.0,0.00408573777327,0.682888715125
0.2,-0.0337,0.0217,0.671,-0.59654856311,-0.00419236266358,0.675080421622
0.15,-0.0384,0.0170,0.448,-0.699823929759,-0.0020005268018,0.841458782669
0.1,-0.0300,0.0334,0.903,-0.80063892363,-0.00221040333366,0.825082332763
0.05,-0.0361,0.0194,0.555,-0.900975991071,-0.00434878154744,0.663688841671
0.2,-0.0274,0.0280,0.981,-0.586375812541,-0.00640982835143,0.521581619126
0.0,-0.0382,0.0172,0.458,-1.0,0.000959567307048,0.923564447172
0.15,-0.0371,0.0183,0.507,-0.690515058884,-0.00358477495679,0.720018674765
0.1,-0.0225,0.0330,0.71,-0.800194703722,0.00870996299568,0.383806607118
0.05,-0.0396,0.0158,0.4,-0.898202645418,-0.00154502289961,0.877228860534
0.2,-0.0257,0.0298,0.885,-0.593116038675,-0.00190839851219,0.848669620722
0.0,-0.0428,0.0126,0.286,-1.0,-0.00578802116177,0.562768259777
0.15,-0.0173,0.0381,0.462,-0.687177842206,-0.000256254416874,0.979558647924
0.1,-0.0249,0.0305,0.842,-0.794984664173,0.00402616640757,0.687266097043
0.05,-0.0205,0.0349,0.611,-0.898997602364,-0.00757568303171,0.448759666453
0.2,-0.0361,0.0193,0.554,-0.599399611701,-0.000379854495447,0.969703068129
0.0,-0.0185,0.0370,0.513,-1.0,0.00803874984808,0.421519721335
0.15,-0.0183,0.0372,0.504,-0.705628311454,-0.00310619615947,0.756118766048
0.1,-0.0214,0.0340,0.657,-0.799585465294,0.00705616036693,0.480476356037
0.05,-0.0305,0.0250,0.846,-0.899586491876,0.00123719685198,0.901549433285
0.0,-0.0282,0.0272,0.972,-1.0,-0.00160961751266,0.872139291651
0.2,-0.0176,0.0458,0.319,-0.604074815066,-0.00475112155409,0.634747455352
0.15,-0.0216,0.0338,0.665,-0.688806145295,-0.00857312389557,0.391322774832
0.1,-0.0396,0.0158,0.399,-0.801003477168,0.00218148786199,0.827334231431
0.05,-0.0158,0.0397,0.398,-0.901605236105,0.00662780977595,0.50751924862
0.0,-0.0220,0.0334,0.687,-1.0,-0.00136087623738,0.891765409988
0.2,-0.0176,0.0379,0.472,-0.591343419265,0.00513710573628,0.607496893673
0.15,-0.0265,0.0289,0.933,-0.692618496963,0.000400440977077,0.968061959163
0.1,-0.0265,0.0290,0.929,-0.79280014455,-0.00974424006498,0.329895033886
0.05,-0.0217,0.0337,0.672,-0.904404014952,0.00739501516692,0.459652497396
0.2,-0.0184,0.0370,0.51,-0.596345939751,-0.000641702107713,0.948841078845
0.0,-0.0136,0.0418,0.319,-1.0,0.00438411032114,0.661126545389
0.15,-0.0136,0.0498,0.4,-0.697772876813,0.000258817087221,0.979354269752
0.05,-0.0315,0.0239,0.788,-0.902009058669,0.00577296127238,0.563784924101
0.1,-0.0420,0.0134,0.312,-0.795801896688,-0.00645316602496,0.518769950659
0.2,-0.0251,0.0303,0.856,-0.59838513736,-0.0035308868255,0.72405422174
0.0,-0.0204,0.0350,0.607,-1.0,-0.00636900075097,0.524237591568
0.15,-0.0301,0.0253,0.865,-0.694997411883,0.00299603840943,0.76450741271
0.1,-0.0272,0.0282,0.972,-0.802030006334,-0.00321711760907,0.747700906481
0.05,-0.0181,0.0373,0.498,-0.910584271845,0.00311751032602,0.755258784986
0.15,-0.0286,0.0268,0.948,-0.699021493886,-0.00362461238958,0.717040348638
0.2,-0.0380,0.0174,0.466,-0.597558373573,-0.00670867297206,0.502353693413
0.0,-0.0391,0.0163,0.421,-1.0,-0.00683630378619,0.494257530962
0.1,-0.0130,0.0425,0.297,-0.7961672855,0.00787207092846,0.431211106919
0.05,-0.0067,0.0487,0.137,-0.897603890412,0.00166762714303,0.867573069732
0.15,-0.0250,0.0305,0.847,-0.704861710594,6.28091714736e-05,0.994989212523
0.2,-0.0151,0.0403,0.372,-0.607598739988,0.0019911782392,0.842189895041
0.0,-0.0241,0.0313,0.799,-1.0,0.00823639946972,0.410194753999
0.1,-0.0257,0.0297,0.887,-0.804545507747,0.001220959434,0.902835086096
0.05,-0.0241,0.0393,0.592,-0.900593627074,0.00770047854228,0.441321836739
0.15,-0.0337,0.0217,0.671,-0.70600005648,0.000800020736806,0.936243550539
0.2,-0.0233,0.0322,0.754,-0.603332596999,-0.00120514506726,0.904087487344
0.1,-0.0368,0.0187,0.522,-0.79240165954,0.00820154978605,0.412178344159
0.0,-0.0166,0.0388,0.433,-1.0,0.00560928603709,0.574891006242
0.05,-0.0121,0.0433,0.27,-0.901778996663,0.00627211317538,0.530568072381
0.15,-0.0118,0.0437,0.259,-0.684709096918,-0.00382241823646,0.702316406342
0.2,-0.0221,0.0333,0.691,-0.599857121115,-0.00700015246498,0.483967077523
0.1,-0.0115,0.0439,0.251,-0.799601791586,0.00700476006254,0.483679388392
0.0,-0.0398,0.0156,0.391,-1.0,-0.00543893623579,0.586558699958
0.05,-0.0437,0.0117,0.258,-0.902210550233,-0.00319570300911,0.749323760375
0.15,-0.0166,0.0388,0.432,-0.694411405328,0.00917637739314,0.358858514519
0.2,-0.0369,0.0185,0.515,-0.598595482447,0.00196170609049,0.844495677441
0.1,-0.0480,0.0074,0.15,-0.799208950169,-0.00517174556285,0.605077025407
0.0,-0.0371,0.0183,0.506,-1.0,-0.00020152582418,0.983923663442
0.05,-0.0238,0.0316,0.782,-0.900010801105,-0.000488363171308,0.961054602688
0.15,-0.0329,0.0225,0.714,-0.696852812308,0.00071691252406,0.942854742712
0.2,-0.0438,0.0116,0.256,-0.600195215542,-0.00118981223127,0.905301982163
0.1,-0.0137,0.0417,0.322,-0.799002174783,0.00819928737936,0.412307313129
0.0,-0.0389,0.0166,0.431,-1.0,-0.00480193536621,0.631130494507
0.05,-0.0250,0.0304,0.849,-0.901401255189,0.00678275588493,0.497645780358
0.15,-0.0274,0.0280,0.983,-0.692962115912,0.00405337226169,0.685265663859
0.2,-0.0149,0.0405,0.365,-0.580921605352,0.00996045794163,0.319276390868
0.1,-0.0136,0.0419,0.317,-0.794792398996,0.00758303079034,0.448319777412
0.0,-0.0449,0.0105,0.224,-1.0,-0.00600631844565,0.54813163574
0.05,-0.0179,0.0376,0.486,-0.901795848247,0.000925244724153,0.926290521809
0.15,-0.0089,0.0465,0.184,-0.713595957746,0.000972610518336,0.922528722356
0.2,-0.0205,0.0349,0.612,-0.600667505821,-0.00618513562224,0.536283914885
0.0,-0.0149,0.0405,0.366,-1.0,-0.000595444727844,0.952524368455
0.15,-0.0417,0.0137,0.321,-0.699400798591,-0.00563600969475,0.573070640481
0.2,-0.0205,0.0349,0.61,-0.582425302103,0.00321095917375,0.74816749452
0.1,-0.0245,0.0309,0.82,-0.799445550373,0.00165176589185,0.868821154345
0.0,-0.0280,0.0274,0.984,-1.0,0.00317635001231,0.750791336139
0.05,-0.0357,0.0197,0.571,-0.901194597208,-0.00269153504721,0.787837073982
0.15,-0.0009,0.0545,0.0581,-0.688814191126,0.00621449955644,0.534350766418
0.2,-0.0189,0.0366,0.532,-0.60700004638,-0.00639501301757,0.522544605546
0.1,-0.0433,0.0121,0.27,-0.789606476771,0.00967242310355,0.333472042564
0.0,-0.0212,0.0343,0.644,-1.0,0.00469523319597,0.638735715071
0.05,-0.0249,0.0305,0.843,-0.897599713792,0.00922552773549,0.356290210002
0.15,-0.0205,0.0350,0.608,-0.70360314937,-0.00359430084695,0.719306111572
0.2,-0.0350,0.0205,0.608,-0.59102947546,-0.00440788453046,0.65940449882
0.1,-0.0507,0.0047,0.104,-0.798405794581,-0.00896927168571,0.36980799129
0.0,-0.0093,0.0461,0.193,-1.0,0.0061739769733,0.537019456283
0.15,-0.0229,0.0325,0.734,-0.693568409483,0.000825798185517,0.934193846308
0.2,-0.0317,0.0237,0.776,-0.58041446882,-0.00609172750646,0.542456665914
0.1,-0.0290,0.0264,0.928,-0.813594991868,0.00622706245335,0.533524774796
0.0,-0.0207,0.0347,0.622,-1.0,0.00420292917454,0.674308504844
0.15,-0.0114,0.0440,0.25,-0.705770151971,-0.00321854264843,0.747592952878
0.1,-0.0348,0.0207,0.617,-0.809248922091,-0.00792401500732,0.42817709603
0.2,-0.0161,0.0393,0.412,-0.598350192508,0.00112589083744,0.910367470482
0.05,-0.0182,0.0372,0.502,-0.902793157358,-0.00119817296041,0.904639711597
0.0,-0.0222,0.0333,0.694,-1.0,0.00760026814219,0.44728878856
0.15,-0.0218,0.0336,0.677,-0.703802034943,0.000613364711462,0.951097347386
0.1,-0.0322,0.0233,0.752,-0.802031399871,-0.00277881114587,0.781129876449
0.2,-0.0265,0.0289,0.931,-0.609426717485,-0.00659535785887,0.509600096114
0.05,-0.0345,0.0209,0.631,-0.898215840855,-0.00864131866032,0.387565931757
0.0,-0.0116,0.0438,0.254,-1.0,0.00300523094937,0.763806316709
0.15,-0.0358,0.0196,0.567,-0.697377518875,-0.00491710106617,0.622965651251
0.1,-0.0207,0.0348,0.618,-0.810215070194,-0.00404669038094,0.685756775592
0.2,-0.0150,0.0484,0.391,-0.594128603993,-0.00380478589029,0.703624465198
0.0,-0.0292,0.0263,0.919,-1.0,0.00319441891097,0.74942110802
0.05,-0.0177,0.0377,0.48,-0.903199971541,0.00426479261189,0.669796084275
0.15,-0.0304,0.0251,0.852,-0.689526132942,-0.00808842148019,0.418656507892
0.1,-0.0377,0.0177,0.478,-0.804803088982,0.0015349928601,0.878019612957
0.2,-0.0174,0.0381,0.463,-0.600997249385,0.00340366187911,0.733612074399
0.0,-0.0363,0.0191,0.543,-1.0,-0.00241776002021,0.808976881675
0.05,-0.0008,0.0546,0.0572,-0.907604850208,0.00917219727829,0.359077478102
0.15,-0.0218,0.0337,0.674,-0.7109975866,-0.00276108142164,0.78249111253
0.1,-0.0217,0.0338,0.669,-0.80001036806,0.00182748401659,0.855013242223
0.0,-0.0318,0.0236,0.771,-1.0,-0.0060230197341,0.547019622397
0.2,-0.0444,0.0110,0.237,-0.605084545352,-0.00776307140194,0.437618041627
0.15,-0.0388,0.0167,0.434,-0.69918206465,-0.00685886446556,0.492833704115
0.05,-0.0340,0.0214,0.655,-0.898399279387,-0.00697639882672,0.485451678238
0.1,-0.0154,0.0400,0.383,-0.802964579237,0.00919817746278,0.357717939717
0.0,-0.0109,0.0445,0.234,-1.0,0.00057576991689,0.954091306727
0.15,-0.0313,0.0241,0.799,-0.715734846387,0.00406212239146,0.684622738903
0.05,-0.0177,0.0456,0.557,-0.903400467156,0.00939927538249,0.347304358019
0.1,-0.0465,0.0090,0.184,-0.790799974096,-0.00238914574219,0.81119471909
0.0,-0.0457,0.0097,0.203,-1.0,-0.00802582857622,0.422266417985
0.1,-0.0285,0.0269,0.955,-0.796594727395,-0.0013700417863,0.891040978725
0.05,-0.0224,0.0330,0.708,-0.896815251443,0.00429973283406,0.667252730096
0.0,-0.0417,0.0137,0.322,-1.0,-0.00883814539516,0.376846671468
0.1,-0.0281,0.0273,0.978,-0.805801394682,-0.00282311611149,0.777731210122
0.05,-0.0305,0.0249,0.842,-0.896006144462,-0.00319705258797,0.749221452931
0.1,-0.0243,0.0312,0.808,-0.805616800247,0.00196117455081,0.844537275264
0.0,-0.0150,0.0404,0.368,-1.0,0.00975861237767,0.329182182149
0.05,-0.0348,0.0206,0.615,-0.893399393289,-0.00655171061209,0.512405824806
0.0,-0.0014,0.0540,0.063,-1.0,0.00761215224402,0.446578770435
0.05,-0.0490,0.0064,0.132,-0.895799502449,-0.000807806365515,0.935624427969
0.0,-0.0339,0.0215,0.661,-1.0,0.000800012544295,0.936244202032
0.05,-0.0421,0.0133,0.307,-0.898199132727,0.00168691517655,0.866055784538
0.0,-0.0334,0.0220,0.685,-1.0,-0.00483996448032,0.628429317932
0.05,-0.0248,0.0307,0.835,-0.895597913291,-0.000117014626942,0.990664963663
0.0,-0.0152,0.0402,0.376,-1.0,0.00650344267124,0.515517931745
0.05,-0.0276,0.0278,0.995,-0.894595987035,0.00401208024212,0.688302707802
0.0,-0.0327,0.0227,0.724,-1.0,-0.0070393379093,0.48152338079
0.0,-0.0277,0.0278,0.998,-1.0,-0.0030050187186,0.763822500929
0.0,-0.0343,0.0212,0.643,-1.0,-0.000727418497212,0.94201877402
0.0,-0.0423,0.0131,0.301,-1.0,-0.00606046555777,0.544530451308
0.0,-0.0238,0.0316,0.782,-1.0,-0.000657840747232,0.94755627685
0.0,-0.0171,0.0383,0.453,-1.0,-0.00640022580395,0.522205673938
0.0,-0.0405,0.0149,0.365,-1.0,-0.00343735691243,0.731076621692
